-- phpMyAdmin SQL Dump
-- version 4.7.4
-- https://www.phpmyadmin.net/
--
-- Host: 127.0.0.1
-- Generation Time: Sep 21, 2018 at 12:57 PM
-- Server version: 10.1.30-MariaDB
-- PHP Version: 7.2.1

SET SQL_MODE = "NO_AUTO_VALUE_ON_ZERO";
SET AUTOCOMMIT = 0;
START TRANSACTION;
SET time_zone = "+00:00";


/*!40101 SET @OLD_CHARACTER_SET_CLIENT=@@CHARACTER_SET_CLIENT */;
/*!40101 SET @OLD_CHARACTER_SET_RESULTS=@@CHARACTER_SET_RESULTS */;
/*!40101 SET @OLD_COLLATION_CONNECTION=@@COLLATION_CONNECTION */;
/*!40101 SET NAMES utf8mb4 */;

--
-- Database: `change`
--

-- --------------------------------------------------------

--
-- Table structure for table `auth_group`
--

CREATE TABLE `auth_group` (
  `id` int(10) UNSIGNED NOT NULL,
  `name` varchar(30) COLLATE utf8mb4_unicode_ci NOT NULL,
  `created_at` timestamp NULL DEFAULT NULL,
  `updated_at` timestamp NULL DEFAULT NULL
) ENGINE=InnoDB DEFAULT CHARSET=utf8mb4 COLLATE=utf8mb4_unicode_ci;

--
-- Dumping data for table `auth_group`
--

INSERT INTO `auth_group` (`id`, `name`, `created_at`, `updated_at`) VALUES
(2, 'default', NULL, NULL),
(12, 'spv_qc', '2018-09-15 03:30:10', '2018-09-15 03:30:10'),
(19, 'spv_qa', '2018-09-15 03:50:37', '2018-09-15 03:50:37'),
(20, 'qc_field', '2018-09-15 03:51:16', '2018-09-15 03:51:16'),
(21, 'qa_field', '2018-09-15 03:51:49', '2018-09-15 03:51:49'),
(22, 'head_qa', '2018-09-15 03:52:52', '2018-09-15 03:52:52'),
(23, 'head_qc', '2018-09-15 03:53:48', '2018-09-15 03:53:48'),
(24, 'adm_qa', '2018-09-21 10:16:44', '2018-09-21 10:16:44');

-- --------------------------------------------------------

--
-- Table structure for table `auth_group_department`
--

CREATE TABLE `auth_group_department` (
  `id` int(10) UNSIGNED NOT NULL,
  `group_id` int(10) UNSIGNED NOT NULL,
  `department_id` varchar(3) COLLATE utf8mb4_unicode_ci NOT NULL
) ENGINE=InnoDB DEFAULT CHARSET=utf8mb4 COLLATE=utf8mb4_unicode_ci;

--
-- Dumping data for table `auth_group_department`
--

INSERT INTO `auth_group_department` (`id`, `group_id`, `department_id`) VALUES
(1, 8, '4'),
(2, 8, '5'),
(3, 5, '4'),
(4, 5, '5');

-- --------------------------------------------------------

--
-- Table structure for table `auth_group_permission`
--

CREATE TABLE `auth_group_permission` (
  `id` int(10) UNSIGNED NOT NULL,
  `group_id` int(10) UNSIGNED NOT NULL,
  `permission_id` int(10) UNSIGNED NOT NULL,
  `created_at` timestamp NULL DEFAULT CURRENT_TIMESTAMP,
  `updated_at` timestamp NULL DEFAULT CURRENT_TIMESTAMP ON UPDATE CURRENT_TIMESTAMP
) ENGINE=InnoDB DEFAULT CHARSET=utf8mb4 COLLATE=utf8mb4_unicode_ci;

--
-- Dumping data for table `auth_group_permission`
--

INSERT INTO `auth_group_permission` (`id`, `group_id`, `permission_id`, `created_at`, `updated_at`) VALUES
(18, 2, 1, '2018-04-11 07:53:55', '2018-04-11 07:53:55'),
(19, 2, 6, '2018-04-11 07:53:55', '2018-04-11 07:53:55'),
(23, 2, 2, '2018-04-11 13:39:40', '2018-04-11 13:39:40'),
(24, 2, 3, '2018-04-11 13:39:40', '2018-04-11 13:39:40'),
(25, 2, 4, '2018-04-11 13:39:40', '2018-04-11 13:39:40'),
(26, 2, 5, '2018-04-11 13:39:40', '2018-04-11 13:39:40'),
(31, 12, 10, '2018-09-15 03:30:10', '2018-09-15 03:30:10'),
(32, 12, 14, '2018-09-15 03:30:10', '2018-09-15 03:30:10'),
(38, 19, 8, '2018-09-15 03:50:37', '2018-09-15 03:50:37'),
(39, 19, 10, '2018-09-15 03:50:37', '2018-09-15 03:50:37'),
(40, 19, 12, '2018-09-15 03:50:37', '2018-09-15 03:50:37'),
(41, 19, 14, '2018-09-15 03:50:37', '2018-09-15 03:50:37'),
(42, 19, 16, '2018-09-15 03:50:37', '2018-09-15 03:50:37'),
(43, 19, 17, '2018-09-15 03:50:37', '2018-09-15 03:50:37'),
(44, 20, 18, '2018-09-15 03:51:16', '2018-09-15 03:51:16'),
(45, 20, 19, '2018-09-15 03:51:16', '2018-09-15 03:51:16'),
(46, 21, 20, '2018-09-15 03:51:49', '2018-09-15 03:51:49'),
(47, 21, 21, '2018-09-15 03:51:49', '2018-09-15 03:51:49'),
(48, 22, 10, '2018-09-15 03:52:52', '2018-09-15 03:52:52'),
(49, 22, 14, '2018-09-15 03:52:52', '2018-09-15 03:52:52'),
(50, 23, 10, '2018-09-15 03:53:48', '2018-09-15 03:53:48'),
(51, 23, 14, '2018-09-15 03:53:48', '2018-09-15 03:53:48'),
(52, 12, 3, '2018-09-15 03:59:03', '2018-09-15 03:59:03'),
(53, 24, 9, '2018-09-21 10:16:44', '2018-09-21 10:16:44'),
(54, 24, 10, '2018-09-21 10:16:44', '2018-09-21 10:16:44'),
(55, 24, 13, '2018-09-21 10:16:44', '2018-09-21 10:16:44'),
(56, 24, 14, '2018-09-21 10:16:44', '2018-09-21 10:16:44');

-- --------------------------------------------------------

--
-- Table structure for table `auth_group_report`
--

CREATE TABLE `auth_group_report` (
  `id` int(10) UNSIGNED NOT NULL,
  `group_id` int(10) UNSIGNED NOT NULL,
  `report_id` int(10) UNSIGNED NOT NULL,
  `created_at` timestamp NULL DEFAULT NULL,
  `updated_at` timestamp NULL DEFAULT NULL
) ENGINE=InnoDB DEFAULT CHARSET=utf8mb4 COLLATE=utf8mb4_unicode_ci;

--
-- Dumping data for table `auth_group_report`
--

INSERT INTO `auth_group_report` (`id`, `group_id`, `report_id`, `created_at`, `updated_at`) VALUES
(120, 4, 1, '2018-09-15 02:24:08', '2018-09-15 02:24:08'),
(121, 9, 1, '2018-09-15 02:33:45', '2018-09-15 02:33:45'),
(122, 10, 1, '2018-09-15 02:55:28', '2018-09-15 02:55:28'),
(123, 11, 1, '2018-09-15 03:28:13', '2018-09-15 03:28:13'),
(124, 12, 1, '2018-09-15 03:30:10', '2018-09-15 03:30:10'),
(125, 12, 2, '2018-09-15 03:30:10', '2018-09-15 03:30:10'),
(126, 12, 3, '2018-09-15 03:30:11', '2018-09-15 03:30:11'),
(127, 12, 4, '2018-09-15 03:30:11', '2018-09-15 03:30:11'),
(128, 12, 5, '2018-09-15 03:30:11', '2018-09-15 03:30:11'),
(129, 12, 6, '2018-09-15 03:30:11', '2018-09-15 03:30:11'),
(131, 12, 8, '2018-09-15 03:30:11', '2018-09-15 03:30:11'),
(132, 12, 9, '2018-09-15 03:30:11', '2018-09-15 03:30:11'),
(135, 12, 12, '2018-09-15 03:30:11', '2018-09-15 03:30:11'),
(136, 12, 13, '2018-09-15 03:30:11', '2018-09-15 03:30:11'),
(140, 12, 17, '2018-09-15 03:30:11', '2018-09-15 03:30:11'),
(142, 12, 19, '2018-09-15 03:30:11', '2018-09-15 03:30:11'),
(143, 12, 20, '2018-09-15 03:30:11', '2018-09-15 03:30:11'),
(144, 12, 21, '2018-09-15 03:30:11', '2018-09-15 03:30:11'),
(145, 12, 22, '2018-09-15 03:30:11', '2018-09-15 03:30:11'),
(146, 12, 23, '2018-09-15 03:30:11', '2018-09-15 03:30:11'),
(147, 12, 24, '2018-09-15 03:30:11', '2018-09-15 03:30:11'),
(148, 12, 25, '2018-09-15 03:30:11', '2018-09-15 03:30:11'),
(150, 12, 27, '2018-09-15 03:30:11', '2018-09-15 03:30:11'),
(151, 12, 28, '2018-09-15 03:30:11', '2018-09-15 03:30:11'),
(154, 12, 31, '2018-09-15 03:30:11', '2018-09-15 03:30:11'),
(155, 12, 32, '2018-09-15 03:30:11', '2018-09-15 03:30:11'),
(159, 12, 36, '2018-09-15 03:30:12', '2018-09-15 03:30:12'),
(161, 12, 38, '2018-09-15 03:30:12', '2018-09-15 03:30:12'),
(162, 12, 39, '2018-09-15 03:30:12', '2018-09-15 03:30:12'),
(167, 12, 44, '2018-09-15 03:30:12', '2018-09-15 03:30:12'),
(172, 12, 49, '2018-09-15 03:30:12', '2018-09-15 03:30:12'),
(176, 12, 53, '2018-09-15 03:30:12', '2018-09-15 03:30:12'),
(180, 12, 57, '2018-09-15 03:30:12', '2018-09-15 03:30:12'),
(183, 19, 1, '2018-09-15 03:50:37', '2018-09-15 03:50:37'),
(184, 19, 2, '2018-09-15 03:50:37', '2018-09-15 03:50:37'),
(185, 19, 3, '2018-09-15 03:50:37', '2018-09-15 03:50:37'),
(186, 19, 4, '2018-09-15 03:50:37', '2018-09-15 03:50:37'),
(187, 19, 5, '2018-09-15 03:50:37', '2018-09-15 03:50:37'),
(188, 19, 6, '2018-09-15 03:50:37', '2018-09-15 03:50:37'),
(189, 19, 7, '2018-09-15 03:50:37', '2018-09-15 03:50:37'),
(190, 19, 8, '2018-09-15 03:50:37', '2018-09-15 03:50:37'),
(191, 19, 9, '2018-09-15 03:50:37', '2018-09-15 03:50:37'),
(192, 19, 10, '2018-09-15 03:50:37', '2018-09-15 03:50:37'),
(193, 19, 11, '2018-09-15 03:50:37', '2018-09-15 03:50:37'),
(194, 19, 12, '2018-09-15 03:50:37', '2018-09-15 03:50:37'),
(195, 19, 13, '2018-09-15 03:50:37', '2018-09-15 03:50:37'),
(196, 19, 14, '2018-09-15 03:50:37', '2018-09-15 03:50:37'),
(197, 19, 15, '2018-09-15 03:50:37', '2018-09-15 03:50:37'),
(198, 19, 16, '2018-09-15 03:50:37', '2018-09-15 03:50:37'),
(199, 19, 17, '2018-09-15 03:50:37', '2018-09-15 03:50:37'),
(200, 19, 18, '2018-09-15 03:50:37', '2018-09-15 03:50:37'),
(201, 19, 19, '2018-09-15 03:50:37', '2018-09-15 03:50:37'),
(202, 19, 20, '2018-09-15 03:50:37', '2018-09-15 03:50:37'),
(203, 19, 21, '2018-09-15 03:50:37', '2018-09-15 03:50:37'),
(204, 19, 22, '2018-09-15 03:50:37', '2018-09-15 03:50:37'),
(205, 19, 23, '2018-09-15 03:50:37', '2018-09-15 03:50:37'),
(206, 19, 24, '2018-09-15 03:50:37', '2018-09-15 03:50:37'),
(207, 19, 25, '2018-09-15 03:50:37', '2018-09-15 03:50:37'),
(208, 19, 26, '2018-09-15 03:50:38', '2018-09-15 03:50:38'),
(209, 19, 27, '2018-09-15 03:50:38', '2018-09-15 03:50:38'),
(210, 19, 28, '2018-09-15 03:50:38', '2018-09-15 03:50:38'),
(211, 19, 29, '2018-09-15 03:50:38', '2018-09-15 03:50:38'),
(212, 19, 30, '2018-09-15 03:50:38', '2018-09-15 03:50:38'),
(213, 19, 31, '2018-09-15 03:50:38', '2018-09-15 03:50:38'),
(214, 19, 32, '2018-09-15 03:50:38', '2018-09-15 03:50:38'),
(215, 19, 33, '2018-09-15 03:50:38', '2018-09-15 03:50:38'),
(216, 19, 34, '2018-09-15 03:50:38', '2018-09-15 03:50:38'),
(217, 19, 35, '2018-09-15 03:50:38', '2018-09-15 03:50:38'),
(218, 19, 36, '2018-09-15 03:50:38', '2018-09-15 03:50:38'),
(219, 19, 37, '2018-09-15 03:50:38', '2018-09-15 03:50:38'),
(220, 19, 38, '2018-09-15 03:50:38', '2018-09-15 03:50:38'),
(221, 19, 39, '2018-09-15 03:50:38', '2018-09-15 03:50:38'),
(222, 19, 40, '2018-09-15 03:50:38', '2018-09-15 03:50:38'),
(223, 19, 41, '2018-09-15 03:50:38', '2018-09-15 03:50:38'),
(224, 19, 42, '2018-09-15 03:50:38', '2018-09-15 03:50:38'),
(225, 19, 43, '2018-09-15 03:50:38', '2018-09-15 03:50:38'),
(226, 19, 44, '2018-09-15 03:50:38', '2018-09-15 03:50:38'),
(227, 19, 45, '2018-09-15 03:50:38', '2018-09-15 03:50:38'),
(228, 19, 46, '2018-09-15 03:50:38', '2018-09-15 03:50:38'),
(229, 19, 47, '2018-09-15 03:50:38', '2018-09-15 03:50:38'),
(230, 19, 48, '2018-09-15 03:50:38', '2018-09-15 03:50:38'),
(231, 19, 49, '2018-09-15 03:50:38', '2018-09-15 03:50:38'),
(232, 19, 50, '2018-09-15 03:50:38', '2018-09-15 03:50:38'),
(233, 19, 51, '2018-09-15 03:50:38', '2018-09-15 03:50:38'),
(234, 19, 52, '2018-09-15 03:50:38', '2018-09-15 03:50:38'),
(235, 19, 53, '2018-09-15 03:50:38', '2018-09-15 03:50:38'),
(236, 19, 54, '2018-09-15 03:50:38', '2018-09-15 03:50:38'),
(237, 19, 55, '2018-09-15 03:50:38', '2018-09-15 03:50:38'),
(238, 19, 56, '2018-09-15 03:50:38', '2018-09-15 03:50:38'),
(239, 19, 57, '2018-09-15 03:50:38', '2018-09-15 03:50:38'),
(240, 22, 1, '2018-09-15 03:52:52', '2018-09-15 03:52:52'),
(241, 22, 2, '2018-09-15 03:52:52', '2018-09-15 03:52:52'),
(242, 22, 3, '2018-09-15 03:52:52', '2018-09-15 03:52:52'),
(243, 22, 4, '2018-09-15 03:52:52', '2018-09-15 03:52:52'),
(244, 22, 5, '2018-09-15 03:52:52', '2018-09-15 03:52:52'),
(245, 22, 6, '2018-09-15 03:52:52', '2018-09-15 03:52:52'),
(246, 22, 7, '2018-09-15 03:52:52', '2018-09-15 03:52:52'),
(247, 22, 8, '2018-09-15 03:52:52', '2018-09-15 03:52:52'),
(248, 22, 9, '2018-09-15 03:52:53', '2018-09-15 03:52:53'),
(249, 22, 10, '2018-09-15 03:52:53', '2018-09-15 03:52:53'),
(250, 22, 11, '2018-09-15 03:52:53', '2018-09-15 03:52:53'),
(251, 22, 12, '2018-09-15 03:52:53', '2018-09-15 03:52:53'),
(252, 22, 13, '2018-09-15 03:52:53', '2018-09-15 03:52:53'),
(253, 22, 14, '2018-09-15 03:52:53', '2018-09-15 03:52:53'),
(254, 22, 15, '2018-09-15 03:52:53', '2018-09-15 03:52:53'),
(255, 22, 16, '2018-09-15 03:52:53', '2018-09-15 03:52:53'),
(256, 22, 17, '2018-09-15 03:52:53', '2018-09-15 03:52:53'),
(257, 22, 18, '2018-09-15 03:52:53', '2018-09-15 03:52:53'),
(258, 22, 19, '2018-09-15 03:52:53', '2018-09-15 03:52:53'),
(259, 22, 20, '2018-09-15 03:52:53', '2018-09-15 03:52:53'),
(260, 22, 21, '2018-09-15 03:52:53', '2018-09-15 03:52:53'),
(261, 22, 22, '2018-09-15 03:52:53', '2018-09-15 03:52:53'),
(262, 22, 23, '2018-09-15 03:52:53', '2018-09-15 03:52:53'),
(263, 22, 24, '2018-09-15 03:52:53', '2018-09-15 03:52:53'),
(264, 22, 25, '2018-09-15 03:52:53', '2018-09-15 03:52:53'),
(265, 22, 26, '2018-09-15 03:52:53', '2018-09-15 03:52:53'),
(266, 22, 27, '2018-09-15 03:52:53', '2018-09-15 03:52:53'),
(267, 22, 28, '2018-09-15 03:52:53', '2018-09-15 03:52:53'),
(268, 22, 29, '2018-09-15 03:52:53', '2018-09-15 03:52:53'),
(269, 22, 30, '2018-09-15 03:52:53', '2018-09-15 03:52:53'),
(270, 22, 31, '2018-09-15 03:52:53', '2018-09-15 03:52:53'),
(271, 22, 32, '2018-09-15 03:52:53', '2018-09-15 03:52:53'),
(272, 22, 33, '2018-09-15 03:52:53', '2018-09-15 03:52:53'),
(273, 22, 34, '2018-09-15 03:52:53', '2018-09-15 03:52:53'),
(274, 22, 35, '2018-09-15 03:52:53', '2018-09-15 03:52:53'),
(275, 22, 36, '2018-09-15 03:52:53', '2018-09-15 03:52:53'),
(276, 22, 37, '2018-09-15 03:52:53', '2018-09-15 03:52:53'),
(277, 22, 38, '2018-09-15 03:52:54', '2018-09-15 03:52:54'),
(278, 22, 39, '2018-09-15 03:52:54', '2018-09-15 03:52:54'),
(279, 22, 40, '2018-09-15 03:52:54', '2018-09-15 03:52:54'),
(280, 22, 41, '2018-09-15 03:52:54', '2018-09-15 03:52:54'),
(281, 22, 42, '2018-09-15 03:52:54', '2018-09-15 03:52:54'),
(282, 22, 43, '2018-09-15 03:52:54', '2018-09-15 03:52:54'),
(283, 22, 44, '2018-09-15 03:52:54', '2018-09-15 03:52:54'),
(284, 22, 45, '2018-09-15 03:52:54', '2018-09-15 03:52:54'),
(285, 22, 46, '2018-09-15 03:52:54', '2018-09-15 03:52:54'),
(286, 22, 47, '2018-09-15 03:52:54', '2018-09-15 03:52:54'),
(287, 22, 48, '2018-09-15 03:52:54', '2018-09-15 03:52:54'),
(288, 22, 49, '2018-09-15 03:52:54', '2018-09-15 03:52:54'),
(289, 22, 50, '2018-09-15 03:52:54', '2018-09-15 03:52:54'),
(290, 22, 51, '2018-09-15 03:52:54', '2018-09-15 03:52:54'),
(291, 22, 52, '2018-09-15 03:52:54', '2018-09-15 03:52:54'),
(292, 22, 53, '2018-09-15 03:52:54', '2018-09-15 03:52:54'),
(293, 22, 54, '2018-09-15 03:52:54', '2018-09-15 03:52:54'),
(294, 22, 55, '2018-09-15 03:52:54', '2018-09-15 03:52:54'),
(295, 22, 56, '2018-09-15 03:52:54', '2018-09-15 03:52:54'),
(296, 22, 57, '2018-09-15 03:52:54', '2018-09-15 03:52:54'),
(297, 23, 1, '2018-09-15 03:53:48', '2018-09-15 03:53:48'),
(298, 23, 2, '2018-09-15 03:53:49', '2018-09-15 03:53:49'),
(299, 23, 3, '2018-09-15 03:53:49', '2018-09-15 03:53:49'),
(300, 23, 4, '2018-09-15 03:53:49', '2018-09-15 03:53:49'),
(301, 23, 5, '2018-09-15 03:53:49', '2018-09-15 03:53:49'),
(302, 23, 6, '2018-09-15 03:53:49', '2018-09-15 03:53:49'),
(303, 23, 7, '2018-09-15 03:53:49', '2018-09-15 03:53:49'),
(304, 23, 8, '2018-09-15 03:53:49', '2018-09-15 03:53:49'),
(305, 23, 9, '2018-09-15 03:53:49', '2018-09-15 03:53:49'),
(306, 23, 10, '2018-09-15 03:53:49', '2018-09-15 03:53:49'),
(307, 23, 11, '2018-09-15 03:53:49', '2018-09-15 03:53:49'),
(308, 23, 12, '2018-09-15 03:53:49', '2018-09-15 03:53:49'),
(309, 23, 13, '2018-09-15 03:53:49', '2018-09-15 03:53:49'),
(310, 23, 14, '2018-09-15 03:53:49', '2018-09-15 03:53:49'),
(311, 23, 15, '2018-09-15 03:53:49', '2018-09-15 03:53:49'),
(312, 23, 16, '2018-09-15 03:53:49', '2018-09-15 03:53:49'),
(313, 23, 17, '2018-09-15 03:53:49', '2018-09-15 03:53:49'),
(314, 23, 18, '2018-09-15 03:53:49', '2018-09-15 03:53:49'),
(315, 23, 19, '2018-09-15 03:53:49', '2018-09-15 03:53:49'),
(316, 23, 20, '2018-09-15 03:53:49', '2018-09-15 03:53:49'),
(317, 23, 21, '2018-09-15 03:53:49', '2018-09-15 03:53:49'),
(318, 23, 22, '2018-09-15 03:53:49', '2018-09-15 03:53:49'),
(319, 23, 23, '2018-09-15 03:53:49', '2018-09-15 03:53:49'),
(320, 23, 24, '2018-09-15 03:53:49', '2018-09-15 03:53:49'),
(321, 23, 25, '2018-09-15 03:53:49', '2018-09-15 03:53:49'),
(322, 23, 26, '2018-09-15 03:53:49', '2018-09-15 03:53:49'),
(323, 23, 27, '2018-09-15 03:53:49', '2018-09-15 03:53:49'),
(324, 23, 28, '2018-09-15 03:53:49', '2018-09-15 03:53:49'),
(325, 23, 29, '2018-09-15 03:53:49', '2018-09-15 03:53:49'),
(326, 23, 30, '2018-09-15 03:53:50', '2018-09-15 03:53:50'),
(327, 23, 31, '2018-09-15 03:53:50', '2018-09-15 03:53:50'),
(328, 23, 32, '2018-09-15 03:53:50', '2018-09-15 03:53:50'),
(329, 23, 33, '2018-09-15 03:53:50', '2018-09-15 03:53:50'),
(330, 23, 34, '2018-09-15 03:53:50', '2018-09-15 03:53:50'),
(331, 23, 35, '2018-09-15 03:53:50', '2018-09-15 03:53:50'),
(332, 23, 36, '2018-09-15 03:53:50', '2018-09-15 03:53:50'),
(333, 23, 37, '2018-09-15 03:53:50', '2018-09-15 03:53:50'),
(334, 23, 38, '2018-09-15 03:53:50', '2018-09-15 03:53:50'),
(335, 23, 39, '2018-09-15 03:53:50', '2018-09-15 03:53:50'),
(336, 23, 40, '2018-09-15 03:53:50', '2018-09-15 03:53:50'),
(337, 23, 41, '2018-09-15 03:53:50', '2018-09-15 03:53:50'),
(338, 23, 42, '2018-09-15 03:53:50', '2018-09-15 03:53:50'),
(339, 23, 43, '2018-09-15 03:53:50', '2018-09-15 03:53:50'),
(340, 23, 44, '2018-09-15 03:53:50', '2018-09-15 03:53:50'),
(341, 23, 45, '2018-09-15 03:53:50', '2018-09-15 03:53:50'),
(342, 23, 46, '2018-09-15 03:53:50', '2018-09-15 03:53:50'),
(343, 23, 47, '2018-09-15 03:53:50', '2018-09-15 03:53:50'),
(344, 23, 48, '2018-09-15 03:53:50', '2018-09-15 03:53:50'),
(345, 23, 49, '2018-09-15 03:53:50', '2018-09-15 03:53:50'),
(346, 23, 50, '2018-09-15 03:53:50', '2018-09-15 03:53:50'),
(347, 23, 51, '2018-09-15 03:53:50', '2018-09-15 03:53:50'),
(348, 23, 52, '2018-09-15 03:53:50', '2018-09-15 03:53:50'),
(349, 23, 53, '2018-09-15 03:53:50', '2018-09-15 03:53:50'),
(350, 23, 54, '2018-09-15 03:53:50', '2018-09-15 03:53:50'),
(351, 23, 55, '2018-09-15 03:53:50', '2018-09-15 03:53:50'),
(352, 23, 56, '2018-09-15 03:53:51', '2018-09-15 03:53:51'),
(353, 23, 57, '2018-09-15 03:53:51', '2018-09-15 03:53:51'),
(354, 24, 1, '2018-09-21 10:16:44', '2018-09-21 10:16:44'),
(355, 24, 2, '2018-09-21 10:16:44', '2018-09-21 10:16:44'),
(356, 24, 3, '2018-09-21 10:16:44', '2018-09-21 10:16:44'),
(357, 24, 4, '2018-09-21 10:16:44', '2018-09-21 10:16:44'),
(358, 24, 5, '2018-09-21 10:16:44', '2018-09-21 10:16:44'),
(359, 24, 12, '2018-09-21 10:16:44', '2018-09-21 10:16:44'),
(360, 24, 20, '2018-09-21 10:16:44', '2018-09-21 10:16:44'),
(361, 24, 21, '2018-09-21 10:16:44', '2018-09-21 10:16:44'),
(362, 24, 22, '2018-09-21 10:16:44', '2018-09-21 10:16:44'),
(363, 24, 23, '2018-09-21 10:16:44', '2018-09-21 10:16:44'),
(364, 24, 24, '2018-09-21 10:16:44', '2018-09-21 10:16:44'),
(365, 24, 31, '2018-09-21 10:16:45', '2018-09-21 10:16:45'),
(366, 24, 32, '2018-09-21 10:16:45', '2018-09-21 10:16:45'),
(367, 24, 38, '2018-09-21 10:16:45', '2018-09-21 10:16:45'),
(368, 24, 39, '2018-09-21 10:16:45', '2018-09-21 10:16:45'),
(369, 24, 44, '2018-09-21 10:16:45', '2018-09-21 10:16:45'),
(370, 24, 49, '2018-09-21 10:16:45', '2018-09-21 10:16:45'),
(371, 24, 53, '2018-09-21 10:16:45', '2018-09-21 10:16:45'),
(372, 24, 57, '2018-09-21 10:16:45', '2018-09-21 10:16:45');

-- --------------------------------------------------------

--
-- Table structure for table `auth_permission`
--

CREATE TABLE `auth_permission` (
  `id` int(10) UNSIGNED NOT NULL,
  `name` varchar(50) COLLATE utf8mb4_unicode_ci NOT NULL,
  `codename` varchar(50) COLLATE utf8mb4_unicode_ci NOT NULL,
  `created_at` timestamp NULL DEFAULT NULL,
  `updated_at` timestamp NULL DEFAULT NULL
) ENGINE=InnoDB DEFAULT CHARSET=utf8mb4 COLLATE=utf8mb4_unicode_ci;

--
-- Dumping data for table `auth_permission`
--

INSERT INTO `auth_permission` (`id`, `name`, `codename`, `created_at`, `updated_at`) VALUES
(1, 'Master User', 'master_user', NULL, NULL),
(2, 'Master Department', 'master_department', NULL, NULL),
(3, 'Master Variant Product', 'master_variant_product', NULL, NULL),
(4, 'Master Shift', 'master_shift', NULL, NULL),
(5, 'Master Line', 'master_line', NULL, NULL),
(6, 'Master Auth', 'master_auth', NULL, NULL),
(7, 'Input Sample Minyak', 'input_sample_minyak', NULL, NULL),
(8, 'Approve Sample Minyak', 'approve_sample_minyak', NULL, NULL),
(9, 'View Sample Minyak', 'view_sample_minyak', NULL, NULL),
(10, 'Report Sample Minyak', 'report_sample_minyak', NULL, NULL),
(11, 'Input Sample Mie', 'input_sample_mie', NULL, NULL),
(12, 'Approve Sample Mie', 'approve_sample_mie', NULL, NULL),
(13, 'View Sample Mie', 'view_sample_mie', NULL, NULL),
(14, 'Report Sample Mie', 'report_sample_mie', NULL, NULL),
(15, 'Set Shift', 'set_shift', NULL, NULL),
(16, 'Hasil Sample Minyak', 'hasil_sample_minyak', NULL, NULL),
(17, 'Hasil Sample Mie', 'hasil_sample_mie', NULL, NULL),
(18, 'Create Sample Id Minyak', 'create_sample_minyak', NULL, NULL),
(19, 'Create Sample Id Mie', 'create_sample_mie', NULL, NULL),
(20, 'Upload Hasil Sample Minyak', 'upload_hasil_sample_minyak', NULL, NULL),
(21, 'Upload Hasil Sample Mie', 'upload_hasil_sample_mie', NULL, NULL);

-- --------------------------------------------------------

--
-- Table structure for table `auth_report`
--

CREATE TABLE `auth_report` (
  `id` int(10) UNSIGNED NOT NULL,
  `name` varchar(50) COLLATE utf8mb4_unicode_ci NOT NULL,
  `codename` varchar(50) COLLATE utf8mb4_unicode_ci NOT NULL,
  `jenis_sample` enum('MYK','MIE') COLLATE utf8mb4_unicode_ci NOT NULL,
  `status` enum('Y','N') COLLATE utf8mb4_unicode_ci NOT NULL,
  `created_by` varchar(12) COLLATE utf8mb4_unicode_ci NOT NULL,
  `updated_by` varchar(12) COLLATE utf8mb4_unicode_ci NOT NULL,
  `created_at` timestamp NULL DEFAULT NULL,
  `updated_at` timestamp NULL DEFAULT NULL
) ENGINE=InnoDB DEFAULT CHARSET=utf8mb4 COLLATE=utf8mb4_unicode_ci;

--
-- Dumping data for table `auth_report`
--

INSERT INTO `auth_report` (`id`, `name`, `codename`, `jenis_sample`, `status`, `created_by`, `updated_by`, `created_at`, `updated_at`) VALUES
(1, 'Oil Sample ID', 't_sample_minyak.id as oil_sample_id', 'MYK', 'Y', '040925749', '040925749', NULL, NULL),
(2, 'Oil Line ID', 't_sample_minyak.line_id as oil_sample_line_id', 'MYK', 'Y', '', '', NULL, NULL),
(3, 'Oil Department', 'm_department.id as department', 'MYK', 'Y', '', '', NULL, NULL),
(4, 'Oil Variant', 'm_variant_product.mid as variant', 'MYK', 'Y', '', '', NULL, NULL),
(5, 'Sample Date', 't_sample_minyak.sample_date', 'MYK', 'Y', '', '', NULL, NULL),
(6, 'Create Date', 't_sample_minyak.input_date as create_date', 'MYK', 'Y', '', '', NULL, NULL),
(7, 'Input Date', 't_sample_minyak.upload_date as input_date', 'MYK', 'Y', '', '', NULL, NULL),
(8, 'Sample Time', 't_sample_minyak.sample_time', 'MYK', 'Y', '', '', NULL, NULL),
(9, 'Create Time', 't_sample_minyak.input_time as create_time', 'MYK', 'Y', '', '', NULL, NULL),
(10, 'Input Time', 't_sample_minyak.upload_time as input_time', 'MYK', 'Y', '', '', NULL, NULL),
(11, 'Input By', 't_sample_minyak.uploaded_by as input_by', 'MYK', 'Y', '', '', NULL, NULL),
(12, 'Shift', 't_sample_minyak.shift', 'MYK', 'Y', '', '', NULL, NULL),
(13, 'Approve Status', 't_sample_minyak.approve as approve_status', 'MYK', 'Y', '', '', NULL, NULL),
(14, 'Approver', 't_sample_minyak.approver', 'MYK', 'Y', '', '', NULL, NULL),
(15, 'Approve Date', 't_sample_minyak.approve_date', 'MYK', 'Y', '', '', NULL, NULL),
(16, 'Approve Time', 't_sample_minyak.approve_time', 'MYK', 'Y', '', '', NULL, NULL),
(17, 'Create By', 't_sample_minyak.created_by as create_by', 'MYK', 'Y', '', '', NULL, NULL),
(18, 'Sample Detail', 't_sample_minyak.keterangan as sample_detail', 'MYK', 'Y', '', '', NULL, NULL),
(19, 'Status', 't_sample_minyak.status', 'MYK', 'Y', '', '', NULL, NULL),
(20, 'Noodle Sample ID', 't_sample_mie.id as noodle_sample_id', 'MIE', 'Y', '040925749', '040925749', NULL, NULL),
(21, 'Noodle Line ID', 't_sample_mie.line_id as noodle_sample_line_id', 'MIE', 'Y', '', '', NULL, NULL),
(22, 'Noodle Department', 'm_department.id as department', 'MIE', 'Y', '', '', NULL, NULL),
(23, 'Noodle Variant', 'm_variant_product.mid as variant', 'MIE', 'Y', '', '', NULL, NULL),
(24, 'Sample Date', 't_sample_mie.sample_date', 'MIE', 'Y', '', '', NULL, NULL),
(25, 'Create Date', 't_sample_mie.input_date as create_date', 'MIE', 'Y', '', '', NULL, NULL),
(26, 'Input Date', 't_sample_mie.upload_date as input_date', 'MIE', 'Y', '', '', NULL, NULL),
(27, 'Sample Time', 't_sample_mie.sample_time', 'MIE', 'Y', '', '', NULL, NULL),
(28, 'Create Time', 't_sample_mie.input_time as create_time', 'MIE', 'Y', '', '', NULL, NULL),
(29, 'Input Time', 't_sample_mie.upload_time as input_time', 'MIE', 'Y', '', '', NULL, NULL),
(30, 'Input By', 't_sample_mie.uploaded_by as input_by', 'MIE', 'Y', '', '', NULL, NULL),
(31, 'Shift', 't_sample_mie.shift', 'MIE', 'Y', '', '', NULL, NULL),
(32, 'Approve Status', 't_sample_mie.approve as approve_status', 'MIE', 'Y', '', '', NULL, NULL),
(33, 'Approver', 't_sample_mie.approver', 'MIE', 'Y', '', '', NULL, NULL),
(34, 'Approve Date', 't_sample_mie.approve_date', 'MIE', 'Y', '', '', NULL, NULL),
(35, 'Approve Time', 't_sample_mie.approve_time', 'MIE', 'Y', '', '', NULL, NULL),
(36, 'Create By', 't_sample_mie.created_by as create_by', 'MIE', 'Y', '', '', NULL, NULL),
(37, 'Sample Detail', 't_sample_mie.keterangan as sample_detail', 'MIE', 'Y', '', '', NULL, NULL),
(38, 'Status', 't_sample_mie.status', 'MIE', 'Y', '', '', NULL, NULL),
(39, 'Tangki', 't_pv.tangki', 'MYK', 'Y', '', '', NULL, NULL),
(40, 'Bobot Sample PV', 't_pv.bobot_sample as bobot_sample_pv', 'MYK', 'Y', '', '', NULL, NULL),
(41, 'Volume Titrasi PV', 't_pv.volume_titrasi as volume_titrasi_pv', 'MYK', 'Y', '', '', NULL, NULL),
(42, 'Normalitas PV', 't_pv.normalitas as normalitas_pv', 'MYK', 'Y', '', '', NULL, NULL),
(43, 'Faktor PV', 't_pv.faktor as faktor_pv', 'MYK', 'Y', '', '', NULL, NULL),
(44, 'Nilai PV', 't_pv.nilai as nilai_pv', 'MYK', 'Y', '', '', NULL, NULL),
(45, 'Bobot Sample ffa', 't_ffa.bobot_sample as bobot_sample_ffa', 'MYK', 'Y', '', '', NULL, NULL),
(46, 'Volume Titrasi ffa', 't_ffa.volume_titrasi as volume_titrasi_ffa', 'MYK', 'Y', '', '', NULL, NULL),
(47, 'Normalitas ffa', 't_ffa.normalitas as normalitas_ffa', 'MYK', 'Y', '', '', NULL, NULL),
(48, 'Faktor ffa', 't_ffa.faktor as faktor_ffa', 'MYK', 'Y', '', '', NULL, NULL),
(49, 'Nilai ffa', 't_ffa.nilai as nilai_ffa', 'MYK', 'Y', '', '', NULL, NULL),
(50, 'Bobot Sample FC', 't_fc.bobot_sample as bobot_sample_fc', 'MIE', 'Y', '', '', NULL, NULL),
(51, 'Labu Awal FC', 't_fc.labu_awal as labu_awal_fc', 'MIE', 'Y', '', '', NULL, NULL),
(52, 'Labu Isi FC', 't_fc.labu_isi as labu_isi_fc', 'MIE', 'Y', '', '', NULL, NULL),
(53, 'Nilai FC', 't_fc.nilai as nilai_fc', 'MIE', 'Y', '', '', NULL, NULL),
(54, 'w0 KA', 't_ka.w0 as w0_ka', 'MIE', 'Y', '', '', NULL, NULL),
(55, 'w1 KA', 't_ka.w1 as w1_ka', 'MIE', 'Y', '', '', NULL, NULL),
(56, 'w2 KA', 't_ka.w2 as w2_ka', 'MIE', 'Y', '', '', NULL, NULL),
(57, 'Nilai KA', 't_ka.nilai as nilai_ka', 'MIE', 'Y', '', '', NULL, NULL);

-- --------------------------------------------------------

--
-- Table structure for table `changelog`
--

CREATE TABLE `changelog` (
  `id` int(10) UNSIGNED NOT NULL,
  `title` varchar(50) COLLATE utf8mb4_unicode_ci NOT NULL,
  `description` varchar(500) COLLATE utf8mb4_unicode_ci NOT NULL,
  `version_number` varchar(10) COLLATE utf8mb4_unicode_ci NOT NULL,
  `date` date NOT NULL,
  `bug` enum('Y','N') COLLATE utf8mb4_unicode_ci NOT NULL,
  `created_at` timestamp NULL DEFAULT NULL,
  `updated_at` timestamp NULL DEFAULT NULL
) ENGINE=InnoDB DEFAULT CHARSET=utf8mb4 COLLATE=utf8mb4_unicode_ci;

--
-- Dumping data for table `changelog`
--

INSERT INTO `changelog` (`id`, `title`, `description`, `version_number`, `date`, `bug`, `created_at`, `updated_at`) VALUES
(1, 'SOFT LAUNCHING', 'Soft launching kepada user department QA dan QC untuk dilakukan pengetesan sistem.', '1.000', '2018-09-12', 'N', NULL, NULL),
(2, 'PENGGUNAAN TOMBOL ARAH', 'Penambahan fitur penggunaan tombol arah atas, kanan, bawah dan kiri untuk memudahkan QA dalam menavigasi kolom inputan hasil analisa lab.', '1.010', '2018-09-15', 'N', NULL, NULL),
(3, 'New Bug bug ', 'bug #002 ( hasil duplo tidak muncul ).', '#002', '2018-09-18', 'Y', NULL, NULL);

-- --------------------------------------------------------

--
-- Table structure for table `log_department`
--

CREATE TABLE `log_department` (
  `id` int(10) UNSIGNED NOT NULL,
  `dept_id` varchar(3) COLLATE utf8mb4_unicode_ci NOT NULL,
  `nik` varchar(12) COLLATE utf8mb4_unicode_ci NOT NULL,
  `log_time` datetime NOT NULL,
  `action` varchar(20) COLLATE utf8mb4_unicode_ci NOT NULL,
  `keterangan` varchar(255) COLLATE utf8mb4_unicode_ci NOT NULL,
  `created_at` timestamp NULL DEFAULT NULL,
  `updated_at` timestamp NULL DEFAULT NULL
) ENGINE=InnoDB DEFAULT CHARSET=utf8mb4 COLLATE=utf8mb4_unicode_ci;

--
-- Dumping data for table `log_department`
--

INSERT INTO `log_department` (`id`, `dept_id`, `nik`, `log_time`, `action`, `keterangan`, `created_at`, `updated_at`) VALUES
(1, '9', '04091725749', '2018-09-07 05:44:00', 'update', '04091725749 updated dept_id 9 at 2018-09-07 05:44:00', '2018-09-06 22:44:00', '2018-09-06 22:44:00'),
(2, '2', '04091725749', '2018-09-10 15:25:09', 'create', '04091725749 created dept_id 2 at 2018-09-10 15:25:09', '2018-09-10 08:25:09', '2018-09-10 08:25:09'),
(3, '3', '04091725749', '2018-09-10 15:25:28', 'create', '04091725749 created dept_id 3 at 2018-09-10 15:25:28', '2018-09-10 08:25:28', '2018-09-10 08:25:28'),
(4, '3', '04091725749', '2018-09-10 15:25:36', 'update', '04091725749 updated dept_id 3 at 2018-09-10 15:25:36', '2018-09-10 08:25:36', '2018-09-10 08:25:36'),
(5, '4', '04091725749', '2018-09-10 15:25:53', 'create', '04091725749 created dept_id 4 at 2018-09-10 15:25:53', '2018-09-10 08:25:53', '2018-09-10 08:25:53'),
(6, '5', '04091725749', '2018-09-10 15:26:03', 'create', '04091725749 created dept_id 5 at 2018-09-10 15:26:03', '2018-09-10 08:26:03', '2018-09-10 08:26:03'),
(7, '102', '04091725749', '2018-09-14 17:53:45', 'create', '04091725749 created dept_id 102 at 2018-09-14 17:53:45', '2018-09-14 10:53:45', '2018-09-14 10:53:45'),
(8, '103', '04091725749', '2018-09-14 17:54:59', 'create', '04091725749 created dept_id 103 at 2018-09-14 17:54:59', '2018-09-14 10:54:59', '2018-09-14 10:54:59'),
(9, '21', '04091725749', '2018-09-14 17:55:38', 'create', '04091725749 created dept_id 21 at 2018-09-14 17:55:38', '2018-09-14 10:55:38', '2018-09-14 10:55:38'),
(10, '2', '04091725749', '2018-09-15 04:31:58', 'create', '04091725749 created dept_id 2 at 2018-09-15 04:31:58', '2018-09-14 21:31:58', '2018-09-14 21:31:58'),
(11, '3', '04091725749', '2018-09-15 04:32:23', 'create', '04091725749 created dept_id 3 at 2018-09-15 04:32:23', '2018-09-14 21:32:23', '2018-09-14 21:32:23'),
(12, '4', '04091725749', '2018-09-15 09:10:22', 'create', '04091725749 created dept_id 4 at 2018-09-15 09:10:22', '2018-09-15 02:10:22', '2018-09-15 02:10:22'),
(13, '5', '04091725749', '2018-09-15 09:10:33', 'create', '04091725749 created dept_id 5 at 2018-09-15 09:10:33', '2018-09-15 02:10:33', '2018-09-15 02:10:33'),
(14, '3', '04091725749', '2018-09-17 07:57:15', 'update', '04091725749 updated dept_id 3 at 2018-09-17 07:57:15', '2018-09-17 00:57:15', '2018-09-17 00:57:15'),
(15, '2', '04091725749', '2018-09-17 07:57:19', 'update', '04091725749 updated dept_id 2 at 2018-09-17 07:57:19', '2018-09-17 00:57:19', '2018-09-17 00:57:19'),
(16, '1', '04091725749', '2018-09-17 07:58:39', 'update', '04091725749 updated dept_id 1 at 2018-09-17 07:58:39', '2018-09-17 00:58:39', '2018-09-17 00:58:39'),
(17, '3', '04091725749', '2018-09-17 07:58:46', 'update', '04091725749 updated dept_id 3 at 2018-09-17 07:58:46', '2018-09-17 00:58:46', '2018-09-17 00:58:46'),
(18, '3', '04091725749', '2018-09-17 07:59:38', 'update', '04091725749 updated dept_id 3 at 2018-09-17 07:59:38', '2018-09-17 00:59:38', '2018-09-17 00:59:38'),
(19, '2', '04091725749', '2018-09-17 07:59:43', 'update', '04091725749 updated dept_id 2 at 2018-09-17 07:59:43', '2018-09-17 00:59:43', '2018-09-17 00:59:43');

-- --------------------------------------------------------

--
-- Table structure for table `log_sample_mie`
--

CREATE TABLE `log_sample_mie` (
  `id` int(10) UNSIGNED NOT NULL,
  `sample_id` varchar(20) COLLATE utf8mb4_unicode_ci NOT NULL,
  `nik` varchar(12) COLLATE utf8mb4_unicode_ci NOT NULL,
  `log_time` datetime NOT NULL,
  `action` varchar(20) COLLATE utf8mb4_unicode_ci NOT NULL,
  `keterangan` varchar(255) COLLATE utf8mb4_unicode_ci NOT NULL,
  `labu_isi_fc` double(8,4) DEFAULT NULL,
  `labu_awal_fc` double(8,4) DEFAULT NULL,
  `bobot_sample_fc` double(8,4) DEFAULT NULL,
  `nilai_fc` double(8,4) DEFAULT NULL,
  `w0_ka` double(8,4) DEFAULT NULL,
  `w1_ka` double(8,4) DEFAULT NULL,
  `w2_ka` double(8,4) DEFAULT NULL,
  `nilai_ka` double(8,4) DEFAULT NULL,
  `created_at` timestamp NULL DEFAULT NULL,
  `updated_at` timestamp NULL DEFAULT NULL
) ENGINE=InnoDB DEFAULT CHARSET=utf8mb4 COLLATE=utf8mb4_unicode_ci;

--
-- Dumping data for table `log_sample_mie`
--

INSERT INTO `log_sample_mie` (`id`, `sample_id`, `nik`, `log_time`, `action`, `keterangan`, `labu_isi_fc`, `labu_awal_fc`, `bobot_sample_fc`, `nilai_fc`, `w0_ka`, `w1_ka`, `w2_ka`, `nilai_ka`, `created_at`, `updated_at`) VALUES
(1, 'MIE180918001', '8921', '2018-09-18 09:15:58', 'create', '8921 created sample sample MIE180918001 at 2018-09-18 09:15:58', NULL, NULL, NULL, NULL, NULL, NULL, NULL, NULL, '2018-09-18 02:15:58', '2018-09-18 02:15:58'),
(2, 'MIE180918001', '8921', '2018-09-18 09:16:09', 'delete', 'deleted by 8921', NULL, NULL, NULL, NULL, NULL, NULL, NULL, NULL, '2018-09-18 02:16:09', '2018-09-18 02:16:09'),
(3, 'MIE180918002', '8921', '2018-09-18 09:16:16', 'create', '8921 created sample sample MIE180918002 at 2018-09-18 09:16:16', NULL, NULL, NULL, NULL, NULL, NULL, NULL, NULL, '2018-09-18 02:16:16', '2018-09-18 02:16:16'),
(4, 'MIE180918003', '8921', '2018-09-18 09:16:24', 'create', '8921 created sample sample MIE180918003 at 2018-09-18 09:16:24', NULL, NULL, NULL, NULL, NULL, NULL, NULL, NULL, '2018-09-18 02:16:24', '2018-09-18 02:16:24'),
(5, 'MIE180918004', '8921', '2018-09-18 09:16:51', 'create', '8921 created sample sample MIE180918004 at 2018-09-18 09:16:51', NULL, NULL, NULL, NULL, NULL, NULL, NULL, NULL, '2018-09-18 02:16:51', '2018-09-18 02:16:51'),
(6, 'MIE180918005', '8921', '2018-09-18 09:17:10', 'create', '8921 created sample sample MIE180918005 at 2018-09-18 09:17:10', NULL, NULL, NULL, NULL, NULL, NULL, NULL, NULL, '2018-09-18 02:17:10', '2018-09-18 02:17:10'),
(7, 'MIE180918006', '8921', '2018-09-18 09:17:17', 'create', '8921 created sample sample MIE180918006 at 2018-09-18 09:17:17', NULL, NULL, NULL, NULL, NULL, NULL, NULL, NULL, '2018-09-18 02:17:17', '2018-09-18 02:17:17'),
(8, 'MIE180918007', '8921', '2018-09-18 09:17:27', 'create', '8921 created sample sample MIE180918007 at 2018-09-18 09:17:27', NULL, NULL, NULL, NULL, NULL, NULL, NULL, NULL, '2018-09-18 02:17:27', '2018-09-18 02:17:27'),
(9, 'MIE180918008', '8921', '2018-09-18 09:17:36', 'create', '8921 created sample sample MIE180918008 at 2018-09-18 09:17:36', NULL, NULL, NULL, NULL, NULL, NULL, NULL, NULL, '2018-09-18 02:17:36', '2018-09-18 02:17:36'),
(10, 'MIE180918009', '8921', '2018-09-18 09:17:45', 'create', '8921 created sample sample MIE180918009 at 2018-09-18 09:17:45', NULL, NULL, NULL, NULL, NULL, NULL, NULL, NULL, '2018-09-18 02:17:45', '2018-09-18 02:17:45'),
(11, 'MIE180918010', '8921', '2018-09-18 09:17:58', 'create', '8921 created sample sample MIE180918010 at 2018-09-18 09:17:58', NULL, NULL, NULL, NULL, NULL, NULL, NULL, NULL, '2018-09-18 02:17:58', '2018-09-18 02:17:58'),
(12, 'MIE180918011', '8921', '2018-09-18 09:18:32', 'create', '8921 created sample sample MIE180918011 at 2018-09-18 09:18:32', NULL, NULL, NULL, NULL, NULL, NULL, NULL, NULL, '2018-09-18 02:18:32', '2018-09-18 02:18:32'),
(13, 'MIE180918012', '8921', '2018-09-18 09:19:35', 'create', '8921 created sample sample MIE180918012 at 2018-09-18 09:19:35', NULL, NULL, NULL, NULL, NULL, NULL, NULL, NULL, '2018-09-18 02:19:35', '2018-09-18 02:19:35'),
(14, 'MIE180918013', '8921', '2018-09-18 09:19:41', 'create', '8921 created sample sample MIE180918013 at 2018-09-18 09:19:41', NULL, NULL, NULL, NULL, NULL, NULL, NULL, NULL, '2018-09-18 02:19:41', '2018-09-18 02:19:41'),
(15, 'MIE180918014', '8921', '2018-09-18 09:19:45', 'create', '8921 created sample sample MIE180918014 at 2018-09-18 09:19:45', NULL, NULL, NULL, NULL, NULL, NULL, NULL, NULL, '2018-09-18 02:19:45', '2018-09-18 02:19:45'),
(16, 'MIE180918003', '10108', '2018-09-18 10:21:11', 'upload', '10108 uploaded sample result MIE180918003 at 2018-09-18 10:21:11', 0.0000, 0.0000, 0.0000, 0.0000, 18.6330, 20.6934, 20.6414, 2.5200, '2018-09-18 03:21:11', '2018-09-18 03:21:11'),
(17, 'MIE180918002', '10108', '2018-09-18 10:21:11', 'upload', '10108 uploaded sample result MIE180918002 at 2018-09-18 10:21:11', 0.0000, 0.0000, 0.0000, 0.0000, 18.3415, 20.3727, 20.3156, 2.8100, '2018-09-18 03:21:11', '2018-09-18 03:21:11'),
(18, 'MIE180918004', '10108', '2018-09-18 10:21:11', 'upload', '10108 uploaded sample result MIE180918004 at 2018-09-18 10:21:11', 0.0000, 0.0000, 0.0000, 0.0000, 19.0677, 21.1619, 21.1123, 2.3700, '2018-09-18 03:21:11', '2018-09-18 03:21:11'),
(19, 'MIE180918005', '10108', '2018-09-18 10:21:12', 'upload', '10108 uploaded sample result MIE180918005 at 2018-09-18 10:21:12', 0.0000, 0.0000, 0.0000, 0.0000, 23.1015, 25.1226, 25.0645, 2.8700, '2018-09-18 03:21:12', '2018-09-18 03:21:12'),
(20, 'MIE180918006', '10108', '2018-09-18 10:21:12', 'upload', '10108 uploaded sample result MIE180918006 at 2018-09-18 10:21:12', 0.0000, 0.0000, 0.0000, 0.0000, 19.1091, 21.1948, 21.1492, 2.1900, '2018-09-18 03:21:12', '2018-09-18 03:21:12'),
(21, 'MIE180918007', '10108', '2018-09-18 10:21:12', 'upload', '10108 uploaded sample result MIE180918007 at 2018-09-18 10:21:12', 0.0000, 0.0000, 0.0000, 0.0000, 18.0653, 20.1057, 20.0652, 1.9800, '2018-09-18 03:21:12', '2018-09-18 03:21:12'),
(22, 'MIE180918008', '10108', '2018-09-18 10:21:12', 'upload', '10108 uploaded sample result MIE180918008 at 2018-09-18 10:21:12', 0.0000, 0.0000, 0.0000, 0.0000, 19.4237, 21.4550, 21.4070, 2.3600, '2018-09-18 03:21:12', '2018-09-18 03:21:12'),
(23, 'MIE180918009', '10108', '2018-09-18 10:21:12', 'upload', '10108 uploaded sample result MIE180918009 at 2018-09-18 10:21:12', 0.0000, 0.0000, 0.0000, 0.0000, 24.4354, 26.4671, 26.4165, 2.4900, '2018-09-18 03:21:12', '2018-09-18 03:21:12'),
(24, 'MIE180918010', '10108', '2018-09-18 10:21:13', 'upload', '10108 uploaded sample result MIE180918010 at 2018-09-18 10:21:13', 0.0000, 0.0000, 0.0000, 0.0000, 18.9619, 20.9692, 20.9139, 2.7500, '2018-09-18 03:21:13', '2018-09-18 03:21:13'),
(25, 'MIE180918014', '10108', '2018-09-18 10:21:13', 'upload', '10108 uploaded sample result MIE180918014 at 2018-09-18 10:21:13', 0.0000, 0.0000, 0.0000, 0.0000, 19.2392, 21.2670, 21.2078, 2.9200, '2018-09-18 03:21:13', '2018-09-18 03:21:13'),
(26, 'MIE180918013', '10108', '2018-09-18 10:21:13', 'upload', '10108 uploaded sample result MIE180918013 at 2018-09-18 10:21:13', 0.0000, 0.0000, 0.0000, 0.0000, 23.9505, 25.9703, 25.9182, 2.5800, '2018-09-18 03:21:13', '2018-09-18 03:21:13'),
(27, 'MIE180918011', '10108', '2018-09-18 10:21:14', 'upload', '10108 uploaded sample result MIE180918011 at 2018-09-18 10:21:14', 0.0000, 0.0000, 0.0000, 0.0000, 18.2725, 20.3019, 20.2630, 1.9200, '2018-09-18 03:21:14', '2018-09-18 03:21:14'),
(28, 'MIE180918012', '10108', '2018-09-18 10:21:14', 'upload', '10108 uploaded sample result MIE180918012 at 2018-09-18 10:21:14', 0.0000, 0.0000, 0.0000, 0.0000, 18.3297, 20.3850, 20.3394, 2.2200, '2018-09-18 03:21:14', '2018-09-18 03:21:14'),
(29, 'MIE180918003', '20186', '2018-09-18 10:22:57', 'reject', 'input fc', NULL, NULL, NULL, NULL, NULL, NULL, NULL, NULL, '2018-09-18 03:22:57', '2018-09-18 03:22:57'),
(30, 'MIE180918003', '10108', '2018-09-18 10:23:37', 'upload', '10108 uploaded sample result MIE180918003 at 2018-09-18 10:23:37', 0.0000, 0.0000, 0.0000, 0.0000, 18.6330, 20.6934, 20.6414, 2.5200, '2018-09-18 03:23:37', '2018-09-18 03:23:37'),
(31, 'MIE180918003', '20186', '2018-09-18 10:24:12', 'reject', 'input fc', NULL, NULL, NULL, NULL, NULL, NULL, NULL, NULL, '2018-09-18 03:24:12', '2018-09-18 03:24:12'),
(32, 'MIE180918003', '10108', '2018-09-18 10:24:37', 'upload', '10108 uploaded sample result MIE180918003 at 2018-09-18 10:24:37', 0.0000, 0.0000, 0.0000, 0.0000, 18.6330, 20.6934, 20.6414, 2.5200, '2018-09-18 03:24:37', '2018-09-18 03:24:37'),
(33, 'MIE180918003', '20186', '2018-09-18 10:25:51', 'reject', 'input fc', NULL, NULL, NULL, NULL, NULL, NULL, NULL, NULL, '2018-09-18 03:25:51', '2018-09-18 03:25:51'),
(34, 'MIE180918002', '20186', '2018-09-18 10:26:04', 'reject', 'input fc', NULL, NULL, NULL, NULL, NULL, NULL, NULL, NULL, '2018-09-18 03:26:04', '2018-09-18 03:26:04'),
(35, 'MIE180918003', '19690', '2018-09-18 10:26:18', 'upload', '19690 uploaded sample result MIE180918003 at 2018-09-18 10:26:18', 0.0000, 0.0000, 0.0000, 0.0000, 18.6330, 20.6934, 20.6414, 2.5200, '2018-09-18 03:26:18', '2018-09-18 03:26:18'),
(36, 'MIE180918002', '19690', '2018-09-18 10:26:18', 'upload', '19690 uploaded sample result MIE180918002 at 2018-09-18 10:26:18', 0.0000, 0.0000, 0.0000, 0.0000, 18.3415, 20.3727, 20.3156, 2.8100, '2018-09-18 03:26:18', '2018-09-18 03:26:18'),
(37, 'MIE180918003', '20186', '2018-09-18 10:27:17', 'approve', 'Approved by 20186', NULL, NULL, NULL, NULL, NULL, NULL, NULL, NULL, '2018-09-18 03:27:17', '2018-09-18 03:27:17'),
(38, 'MIE180918003', '19690', '2018-09-18 10:36:13', 'upload_fc', '19690 fc uploaded sample result MIE180918003 at 2018-09-18 10:36:13', 109.8362, 109.4455, 2.0109, 19.4300, NULL, NULL, NULL, NULL, '2018-09-18 03:36:13', '2018-09-18 03:36:13'),
(39, 'MIE180918002', '19690', '2018-09-18 10:36:13', 'upload_fc', '19690 fc uploaded sample result MIE180918002 at 2018-09-18 10:36:13', 104.9714, 104.5697, 2.0787, 19.3200, NULL, NULL, NULL, NULL, '2018-09-18 03:36:13', '2018-09-18 03:36:13'),
(40, 'MIE180918005', '20186', '2018-09-18 10:38:20', 'approve', 'Approved by 20186', NULL, NULL, NULL, NULL, NULL, NULL, NULL, NULL, '2018-09-18 03:38:20', '2018-09-18 03:38:20'),
(41, 'MIE180918004', '20186', '2018-09-18 10:39:32', 'reject', 'input fc', NULL, NULL, NULL, NULL, NULL, NULL, NULL, NULL, '2018-09-18 03:39:32', '2018-09-18 03:39:32'),
(42, 'MIE180918007', '20186', '2018-09-18 10:39:36', 'reject', 'input fc', NULL, NULL, NULL, NULL, NULL, NULL, NULL, NULL, '2018-09-18 03:39:36', '2018-09-18 03:39:36'),
(43, 'MIE180918010', '20186', '2018-09-18 10:39:39', 'reject', 'input fc', NULL, NULL, NULL, NULL, NULL, NULL, NULL, NULL, '2018-09-18 03:39:39', '2018-09-18 03:39:39'),
(44, 'MIE180918004', '19690', '2018-09-18 10:39:50', 'upload', '19690 uploaded sample result MIE180918004 at 2018-09-18 10:39:50', 0.0000, 0.0000, 0.0000, 0.0000, 19.0677, 21.1619, 21.1123, 2.3700, '2018-09-18 03:39:50', '2018-09-18 03:39:50'),
(45, 'MIE180918007', '19690', '2018-09-18 10:39:50', 'upload', '19690 uploaded sample result MIE180918007 at 2018-09-18 10:39:50', 0.0000, 0.0000, 0.0000, 0.0000, 18.0653, 20.1057, 20.0652, 1.9800, '2018-09-18 03:39:50', '2018-09-18 03:39:50'),
(46, 'MIE180918010', '19690', '2018-09-18 10:39:51', 'upload', '19690 uploaded sample result MIE180918010 at 2018-09-18 10:39:51', 0.0000, 0.0000, 0.0000, 0.0000, 18.9619, 20.9692, 20.9139, 2.7500, '2018-09-18 03:39:51', '2018-09-18 03:39:51'),
(47, 'MIE180918007', '19690', '2018-09-18 10:41:45', 'upload_fc', '19690 fc uploaded sample result MIE180918007 at 2018-09-18 10:41:45', 105.6560, 105.2487, 2.0431, 19.9400, NULL, NULL, NULL, NULL, '2018-09-18 03:41:45', '2018-09-18 03:41:45'),
(48, 'MIE180918010', '19690', '2018-09-18 10:41:45', 'upload_fc', '19690 fc uploaded sample result MIE180918010 at 2018-09-18 10:41:45', 106.4387, 106.0483, 2.0480, 19.0600, NULL, NULL, NULL, NULL, '2018-09-18 03:41:45', '2018-09-18 03:41:45'),
(49, 'MIE180918004', '20186', '2018-09-18 10:42:24', 'reject', 'input fc', NULL, NULL, NULL, NULL, NULL, NULL, NULL, NULL, '2018-09-18 03:42:24', '2018-09-18 03:42:24'),
(50, 'MIE180918004', '19690', '2018-09-18 10:42:31', 'upload', '19690 uploaded sample result MIE180918004 at 2018-09-18 10:42:31', 0.0000, 0.0000, 0.0000, 0.0000, 19.0677, 21.1619, 21.1123, 2.3700, '2018-09-18 03:42:31', '2018-09-18 03:42:31'),
(51, 'MIE180918015', '8921', '2018-09-18 10:47:55', 'create', '8921 created sample sample MIE180918015 at 2018-09-18 10:47:55', NULL, NULL, NULL, NULL, NULL, NULL, NULL, NULL, '2018-09-18 03:47:55', '2018-09-18 03:47:55'),
(52, 'MIE180918011', '20186', '2018-09-18 11:14:51', 'reject', 'INPUT FC', NULL, NULL, NULL, NULL, NULL, NULL, NULL, NULL, '2018-09-18 04:14:51', '2018-09-18 04:14:51'),
(53, 'MIE180918011', '10108', '2018-09-18 11:16:32', 'upload', '10108 uploaded sample result MIE180918011 at 2018-09-18 11:16:32', 0.0000, 0.0000, 0.0000, 0.0000, 18.2725, 20.3019, 20.2630, 1.9200, '2018-09-18 04:16:32', '2018-09-18 04:16:32'),
(54, 'MIE180918012', '20186', '2018-09-18 11:17:50', 'approve', 'Approved by 20186', NULL, NULL, NULL, NULL, NULL, NULL, NULL, NULL, '2018-09-18 04:17:50', '2018-09-18 04:17:50'),
(55, 'MIE180918011', '10108', '2018-09-18 11:19:42', 'upload_fc', '10108 fc uploaded sample result MIE180918011 at 2018-09-18 11:19:42', 108.7956, 108.4302, 2.0791, 17.5700, NULL, NULL, NULL, NULL, '2018-09-18 04:19:42', '2018-09-18 04:19:42'),
(56, 'MIE180918011', '20186', '2018-09-18 11:20:52', 'approve', 'Approved by 20186', NULL, NULL, NULL, NULL, NULL, NULL, NULL, NULL, '2018-09-18 04:20:52', '2018-09-18 04:20:52'),
(57, 'MIE180918002', '20186', '2018-09-18 11:21:01', 'approve', 'Approved by 20186', NULL, NULL, NULL, NULL, NULL, NULL, NULL, NULL, '2018-09-18 04:21:01', '2018-09-18 04:21:01'),
(58, 'MIE180918004', '20186', '2018-09-18 11:21:07', 'approve', 'Approved by 20186', NULL, NULL, NULL, NULL, NULL, NULL, NULL, NULL, '2018-09-18 04:21:07', '2018-09-18 04:21:07'),
(59, 'MIE180918006', '20186', '2018-09-18 11:21:11', 'approve', 'Approved by 20186', NULL, NULL, NULL, NULL, NULL, NULL, NULL, NULL, '2018-09-18 04:21:11', '2018-09-18 04:21:11'),
(60, 'MIE180918007', '20186', '2018-09-18 11:21:13', 'approve', 'Approved by 20186', NULL, NULL, NULL, NULL, NULL, NULL, NULL, NULL, '2018-09-18 04:21:13', '2018-09-18 04:21:13'),
(61, 'MIE180918008', '20186', '2018-09-18 11:21:15', 'approve', 'Approved by 20186', NULL, NULL, NULL, NULL, NULL, NULL, NULL, NULL, '2018-09-18 04:21:15', '2018-09-18 04:21:15'),
(62, 'MIE180918009', '20186', '2018-09-18 11:21:16', 'approve', 'Approved by 20186', NULL, NULL, NULL, NULL, NULL, NULL, NULL, NULL, '2018-09-18 04:21:16', '2018-09-18 04:21:16'),
(63, 'MIE180918010', '20186', '2018-09-18 11:21:19', 'approve', 'Approved by 20186', NULL, NULL, NULL, NULL, NULL, NULL, NULL, NULL, '2018-09-18 04:21:19', '2018-09-18 04:21:19'),
(64, 'MIE180918014', '20186', '2018-09-18 11:21:21', 'approve', 'Approved by 20186', NULL, NULL, NULL, NULL, NULL, NULL, NULL, NULL, '2018-09-18 04:21:21', '2018-09-18 04:21:21'),
(65, 'MIE180918013', '20186', '2018-09-18 11:21:23', 'approve', 'Approved by 20186', NULL, NULL, NULL, NULL, NULL, NULL, NULL, NULL, '2018-09-18 04:21:23', '2018-09-18 04:21:23'),
(66, 'MIE180918016', '8921', '2018-09-18 15:29:31', 'create', '8921 created sample sample MIE180918016 at 2018-09-18 15:29:31', NULL, NULL, NULL, NULL, NULL, NULL, NULL, NULL, '2018-09-18 08:29:31', '2018-09-18 08:29:31'),
(67, 'MIE180918017', '8921', '2018-09-18 15:29:40', 'create', '8921 created sample sample MIE180918017 at 2018-09-18 15:29:40', NULL, NULL, NULL, NULL, NULL, NULL, NULL, NULL, '2018-09-18 08:29:40', '2018-09-18 08:29:40'),
(68, 'MIE180918018', '8921', '2018-09-18 15:29:46', 'create', '8921 created sample sample MIE180918018 at 2018-09-18 15:29:46', NULL, NULL, NULL, NULL, NULL, NULL, NULL, NULL, '2018-09-18 08:29:46', '2018-09-18 08:29:46'),
(69, 'MIE180918019', '8921', '2018-09-18 15:29:51', 'create', '8921 created sample sample MIE180918019 at 2018-09-18 15:29:51', NULL, NULL, NULL, NULL, NULL, NULL, NULL, NULL, '2018-09-18 08:29:51', '2018-09-18 08:29:51'),
(70, 'MIE180918020', '8921', '2018-09-18 15:29:59', 'create', '8921 created sample sample MIE180918020 at 2018-09-18 15:29:59', NULL, NULL, NULL, NULL, NULL, NULL, NULL, NULL, '2018-09-18 08:29:59', '2018-09-18 08:29:59'),
(71, 'MIE180918021', '8921', '2018-09-18 15:30:24', 'create', '8921 created sample sample MIE180918021 at 2018-09-18 15:30:24', NULL, NULL, NULL, NULL, NULL, NULL, NULL, NULL, '2018-09-18 08:30:24', '2018-09-18 08:30:24'),
(72, 'MIE180918022', '8921', '2018-09-18 15:30:28', 'create', '8921 created sample sample MIE180918022 at 2018-09-18 15:30:28', NULL, NULL, NULL, NULL, NULL, NULL, NULL, NULL, '2018-09-18 08:30:28', '2018-09-18 08:30:28'),
(73, 'MIE180918023', '8921', '2018-09-18 15:30:32', 'create', '8921 created sample sample MIE180918023 at 2018-09-18 15:30:32', NULL, NULL, NULL, NULL, NULL, NULL, NULL, NULL, '2018-09-18 08:30:32', '2018-09-18 08:30:32'),
(74, 'MIE180918024', '8921', '2018-09-18 15:30:40', 'create', '8921 created sample sample MIE180918024 at 2018-09-18 15:30:40', NULL, NULL, NULL, NULL, NULL, NULL, NULL, NULL, '2018-09-18 08:30:40', '2018-09-18 08:30:40'),
(75, 'MIE180918023', '8921', '2018-09-18 15:30:44', 'delete', 'deleted by 8921', NULL, NULL, NULL, NULL, NULL, NULL, NULL, NULL, '2018-09-18 08:30:44', '2018-09-18 08:30:44'),
(76, 'MIE180918025', '8921', '2018-09-18 15:30:52', 'create', '8921 created sample sample MIE180918025 at 2018-09-18 15:30:52', NULL, NULL, NULL, NULL, NULL, NULL, NULL, NULL, '2018-09-18 08:30:52', '2018-09-18 08:30:52'),
(77, 'MIE180918026', '8921', '2018-09-18 15:30:56', 'create', '8921 created sample sample MIE180918026 at 2018-09-18 15:30:56', NULL, NULL, NULL, NULL, NULL, NULL, NULL, NULL, '2018-09-18 08:30:56', '2018-09-18 08:30:56'),
(78, 'MIE180918027', '8921', '2018-09-18 15:31:00', 'create', '8921 created sample sample MIE180918027 at 2018-09-18 15:31:00', NULL, NULL, NULL, NULL, NULL, NULL, NULL, NULL, '2018-09-18 08:31:00', '2018-09-18 08:31:00'),
(79, 'MIE180918028', '8921', '2018-09-18 15:31:11', 'create', '8921 created sample sample MIE180918028 at 2018-09-18 15:31:11', NULL, NULL, NULL, NULL, NULL, NULL, NULL, NULL, '2018-09-18 08:31:11', '2018-09-18 08:31:11'),
(80, 'MIE180918029', '8921', '2018-09-18 15:31:31', 'create', '8921 created sample sample MIE180918029 at 2018-09-18 15:31:31', NULL, NULL, NULL, NULL, NULL, NULL, NULL, NULL, '2018-09-18 08:31:31', '2018-09-18 08:31:31'),
(81, 'MIE180918015', '9324', '2018-09-18 21:10:09', 'upload', '9324 uploaded sample result MIE180918015 at 2018-09-18 21:10:09', 0.0000, 0.0000, 0.0000, 0.0000, 18.6339, 20.6716, 20.6233, 2.3700, '2018-09-18 14:10:09', '2018-09-18 14:10:09'),
(82, 'MIE180918016', '9324', '2018-09-18 21:10:09', 'upload', '9324 uploaded sample result MIE180918016 at 2018-09-18 21:10:09', 108.7290, 108.3806, 2.0635, 16.8800, 18.6339, 20.6716, 20.6233, 2.3700, '2018-09-18 14:10:09', '2018-09-18 14:10:09'),
(83, 'MIE180918017', '9324', '2018-09-18 21:10:09', 'upload', '9324 uploaded sample result MIE180918017 at 2018-09-18 21:10:09', 107.1605, 106.7745, 2.0578, 18.7600, 18.3379, 20.3809, 20.3298, 2.5000, '2018-09-18 14:10:09', '2018-09-18 14:10:09'),
(84, 'MIE180918018', '9324', '2018-09-18 21:10:09', 'upload', '9324 uploaded sample result MIE180918018 at 2018-09-18 21:10:09', 106.3830, 106.0104, 2.0499, 18.1800, 18.9370, 20.9756, 20.9311, 2.1800, '2018-09-18 14:10:09', '2018-09-18 14:10:09'),
(85, 'MIE180918019', '9324', '2018-09-18 21:10:09', 'upload', '9324 uploaded sample result MIE180918019 at 2018-09-18 21:10:09', 0.0000, 0.0000, 0.0000, 0.0000, 25.1965, 27.2137, 27.1667, 2.3300, '2018-09-18 14:10:09', '2018-09-18 14:10:09'),
(86, 'MIE180918020', '9324', '2018-09-18 21:10:10', 'upload', '9324 uploaded sample result MIE180918020 at 2018-09-18 21:10:10', 0.0000, 0.0000, 0.0000, 0.0000, 18.9363, 20.9804, 20.9382, 2.0600, '2018-09-18 14:10:10', '2018-09-18 14:10:10'),
(87, 'MIE180918021', '9324', '2018-09-18 21:10:10', 'upload', '9324 uploaded sample result MIE180918021 at 2018-09-18 21:10:10', 109.8465, 109.4727, 2.0086, 18.6100, 19.6954, 21.7399, 21.7005, 1.9300, '2018-09-18 14:10:10', '2018-09-18 14:10:10'),
(88, 'MIE180918022', '9324', '2018-09-18 21:10:10', 'upload', '9324 uploaded sample result MIE180918022 at 2018-09-18 21:10:10', 0.0000, 0.0000, 0.0000, 0.0000, 19.4241, 21.4525, 21.4089, 2.1500, '2018-09-18 14:10:10', '2018-09-18 14:10:10'),
(89, 'MIE180918024', '9324', '2018-09-18 21:10:10', 'upload', '9324 uploaded sample result MIE180918024 at 2018-09-18 21:10:10', 0.0000, 0.0000, 0.0000, 0.0000, 18.9032, 20.9509, 20.9055, 2.2200, '2018-09-18 14:10:10', '2018-09-18 14:10:10'),
(90, 'MIE180918025', '9324', '2018-09-18 21:10:10', 'upload', '9324 uploaded sample result MIE180918025 at 2018-09-18 21:10:10', 0.0000, 0.0000, 0.0000, 0.0000, 18.9625, 21.0915, 21.0348, 2.6600, '2018-09-18 14:10:10', '2018-09-18 14:10:10'),
(91, 'MIE180918026', '9324', '2018-09-18 21:10:11', 'upload', '9324 uploaded sample result MIE180918026 at 2018-09-18 21:10:11', 0.0000, 0.0000, 0.0000, 0.0000, 19.2379, 21.2833, 21.2367, 2.2800, '2018-09-18 14:10:11', '2018-09-18 14:10:11'),
(92, 'MIE180918027', '9324', '2018-09-18 21:10:11', 'upload', '9324 uploaded sample result MIE180918027 at 2018-09-18 21:10:11', 0.0000, 0.0000, 0.0000, 0.0000, 18.8416, 20.8779, 20.8290, 2.4000, '2018-09-18 14:10:11', '2018-09-18 14:10:11'),
(93, 'MIE180918028', '9324', '2018-09-18 21:10:11', 'upload', '9324 uploaded sample result MIE180918028 at 2018-09-18 21:10:11', 108.7871, 108.3946, 2.0802, 18.8700, 24.6487, 26.6971, 26.6367, 2.9500, '2018-09-18 14:10:11', '2018-09-18 14:10:11'),
(94, 'MIE180918029', '9324', '2018-09-18 21:10:11', 'upload', '9324 uploaded sample result MIE180918029 at 2018-09-18 21:10:11', 0.0000, 0.0000, 0.0000, 0.0000, 18.3307, 20.3794, 20.3326, 2.2800, '2018-09-18 14:10:11', '2018-09-18 14:10:11'),
(95, 'MIE180918016', '18773', '2018-09-18 21:12:21', 'approve', 'Approved by 18773', NULL, NULL, NULL, NULL, NULL, NULL, NULL, NULL, '2018-09-18 14:12:21', '2018-09-18 14:12:21'),
(96, 'MIE180918015', '18773', '2018-09-18 21:12:25', 'approve', 'Approved by 18773', NULL, NULL, NULL, NULL, NULL, NULL, NULL, NULL, '2018-09-18 14:12:25', '2018-09-18 14:12:25'),
(97, 'MIE180918017', '18773', '2018-09-18 21:12:28', 'approve', 'Approved by 18773', NULL, NULL, NULL, NULL, NULL, NULL, NULL, NULL, '2018-09-18 14:12:28', '2018-09-18 14:12:28'),
(98, 'MIE180918018', '18773', '2018-09-18 21:12:30', 'approve', 'Approved by 18773', NULL, NULL, NULL, NULL, NULL, NULL, NULL, NULL, '2018-09-18 14:12:30', '2018-09-18 14:12:30'),
(99, 'MIE180918019', '18773', '2018-09-18 21:12:32', 'approve', 'Approved by 18773', NULL, NULL, NULL, NULL, NULL, NULL, NULL, NULL, '2018-09-18 14:12:32', '2018-09-18 14:12:32'),
(100, 'MIE180918020', '18773', '2018-09-18 21:13:16', 'approve', 'Approved by 18773', NULL, NULL, NULL, NULL, NULL, NULL, NULL, NULL, '2018-09-18 14:13:16', '2018-09-18 14:13:16'),
(101, 'MIE180918021', '18773', '2018-09-18 21:13:18', 'approve', 'Approved by 18773', NULL, NULL, NULL, NULL, NULL, NULL, NULL, NULL, '2018-09-18 14:13:18', '2018-09-18 14:13:18'),
(102, 'MIE180918022', '18773', '2018-09-18 21:13:19', 'approve', 'Approved by 18773', NULL, NULL, NULL, NULL, NULL, NULL, NULL, NULL, '2018-09-18 14:13:19', '2018-09-18 14:13:19'),
(103, 'MIE180918024', '18773', '2018-09-18 21:13:23', 'approve', 'Approved by 18773', NULL, NULL, NULL, NULL, NULL, NULL, NULL, NULL, '2018-09-18 14:13:23', '2018-09-18 14:13:23'),
(104, 'MIE180918025', '18773', '2018-09-18 21:13:53', 'approve', 'Approved by 18773', NULL, NULL, NULL, NULL, NULL, NULL, NULL, NULL, '2018-09-18 14:13:53', '2018-09-18 14:13:53'),
(105, 'MIE180918026', '18773', '2018-09-18 21:13:55', 'approve', 'Approved by 18773', NULL, NULL, NULL, NULL, NULL, NULL, NULL, NULL, '2018-09-18 14:13:55', '2018-09-18 14:13:55'),
(106, 'MIE180918027', '18773', '2018-09-18 21:13:58', 'approve', 'Approved by 18773', NULL, NULL, NULL, NULL, NULL, NULL, NULL, NULL, '2018-09-18 14:13:58', '2018-09-18 14:13:58'),
(107, 'MIE180918028', '18773', '2018-09-18 21:14:00', 'approve', 'Approved by 18773', NULL, NULL, NULL, NULL, NULL, NULL, NULL, NULL, '2018-09-18 14:14:00', '2018-09-18 14:14:00'),
(108, 'MIE180918029', '18773', '2018-09-18 21:14:02', 'approve', 'Approved by 18773', NULL, NULL, NULL, NULL, NULL, NULL, NULL, NULL, '2018-09-18 14:14:02', '2018-09-18 14:14:02'),
(109, 'MIE180919030', '8921', '2018-09-19 10:22:13', 'create', '8921 created sample sample MIE180919030 at 2018-09-19 10:22:13', NULL, NULL, NULL, NULL, NULL, NULL, NULL, NULL, '2018-09-19 03:22:13', '2018-09-19 03:22:13'),
(110, 'MIE180919031', '8921', '2018-09-19 10:22:19', 'create', '8921 created sample sample MIE180919031 at 2018-09-19 10:22:19', NULL, NULL, NULL, NULL, NULL, NULL, NULL, NULL, '2018-09-19 03:22:19', '2018-09-19 03:22:19'),
(111, 'MIE180919032', '8921', '2018-09-19 10:22:25', 'create', '8921 created sample sample MIE180919032 at 2018-09-19 10:22:25', NULL, NULL, NULL, NULL, NULL, NULL, NULL, NULL, '2018-09-19 03:22:25', '2018-09-19 03:22:25'),
(112, 'MIE180919030', '11316', '2018-09-19 10:52:48', 'upload', '11316 uploaded sample result MIE180919030 at 2018-09-19 10:52:48', 0.0000, 0.0000, 0.0000, 0.0000, 18.7616, 20.8110, 20.7790, 1.5600, '2018-09-19 03:52:48', '2018-09-19 03:52:48'),
(113, 'MIE180919030', '16245', '2018-09-19 11:00:13', 'approve', 'Approved by 16245', NULL, NULL, NULL, NULL, NULL, NULL, NULL, NULL, '2018-09-19 04:00:13', '2018-09-19 04:00:13'),
(114, 'MIE180919031', '11316', '2018-09-19 13:38:17', 'upload', '11316 uploaded sample result MIE180919031 at 2018-09-19 13:38:17', 0.0000, 0.0000, 0.0000, 0.0000, 19.0384, 21.1743, 21.1362, 1.7800, '2018-09-19 06:38:17', '2018-09-19 06:38:17'),
(115, 'MIE180919032', '11316', '2018-09-19 13:38:18', 'upload', '11316 uploaded sample result MIE180919032 at 2018-09-19 13:38:18', 0.0000, 0.0000, 0.0000, 0.0000, 19.0681, 21.1618, 21.1326, 1.3900, '2018-09-19 06:38:18', '2018-09-19 06:38:18'),
(116, 'MIE180919031', '16245', '2018-09-19 13:41:10', 'approve', 'Approved by 16245', NULL, NULL, NULL, NULL, NULL, NULL, NULL, NULL, '2018-09-19 06:41:10', '2018-09-19 06:41:10'),
(117, 'MIE180919032', '16245', '2018-09-19 13:41:23', 'reject', 'Coba input ulang', NULL, NULL, NULL, NULL, NULL, NULL, NULL, NULL, '2018-09-19 06:41:23', '2018-09-19 06:41:23'),
(118, 'MIE180919032', '11316', '2018-09-19 13:43:14', 'upload', '11316 uploaded sample result MIE180919032 at 2018-09-19 13:43:14', 0.0000, 0.0000, 0.0000, 0.0000, 19.0681, 21.1618, 21.1326, 1.3900, '2018-09-19 06:43:14', '2018-09-19 06:43:14'),
(119, 'MIE180919032', '16245', '2018-09-19 13:46:34', 'approve', 'Approved by 16245', NULL, NULL, NULL, NULL, NULL, NULL, NULL, NULL, '2018-09-19 06:46:34', '2018-09-19 06:46:34'),
(120, 'MIE180919030', '11316', '2018-09-19 14:59:24', 'upload_fc', '11316 fc uploaded sample result MIE180919030 at 2018-09-19 14:59:24', 108.7470, 108.3842, 2.0647, 17.5700, NULL, NULL, NULL, NULL, '2018-09-19 07:59:24', '2018-09-19 07:59:24'),
(121, 'MIE180919031', '11316', '2018-09-19 14:59:24', 'upload_fc', '11316 fc uploaded sample result MIE180919031 at 2018-09-19 14:59:24', 107.1975, 106.8257, 2.0646, 18.0100, NULL, NULL, NULL, NULL, '2018-09-19 07:59:24', '2018-09-19 07:59:24'),
(122, 'MIE180919032', '11316', '2018-09-19 14:59:25', 'upload_fc', '11316 fc uploaded sample result MIE180919032 at 2018-09-19 14:59:25', 109.0188, 108.6288, 2.1567, 18.0800, NULL, NULL, NULL, NULL, '2018-09-19 07:59:25', '2018-09-19 07:59:25'),
(123, 'MIE180919033', '8848', '2018-09-19 16:10:59', 'create', '8848 created sample sample MIE180919033 at 2018-09-19 16:10:59', NULL, NULL, NULL, NULL, NULL, NULL, NULL, NULL, '2018-09-19 09:10:59', '2018-09-19 09:10:59'),
(124, 'MIE180919033', '11316', '2018-09-19 16:12:15', 'upload', '11316 uploaded sample result MIE180919033 at 2018-09-19 16:12:15', 0.0000, 0.0000, 0.0000, 0.0000, 51.0271, 53.0271, 52.9990, 1.4000, '2018-09-19 09:12:15', '2018-09-19 09:12:15'),
(125, 'MIE180919033', '20186', '2018-09-19 16:12:53', 'approve', 'Approved by 20186', NULL, NULL, NULL, NULL, NULL, NULL, NULL, NULL, '2018-09-19 09:12:53', '2018-09-19 09:12:53'),
(126, 'MIE180920034', '8848', '2018-09-20 11:26:00', 'create', '8848 created sample sample MIE180920034 at 2018-09-20 11:26:00', NULL, NULL, NULL, NULL, NULL, NULL, NULL, NULL, '2018-09-20 04:26:00', '2018-09-20 04:26:00'),
(127, 'MIE180920035', '8848', '2018-09-20 11:26:08', 'create', '8848 created sample sample MIE180920035 at 2018-09-20 11:26:08', NULL, NULL, NULL, NULL, NULL, NULL, NULL, NULL, '2018-09-20 04:26:08', '2018-09-20 04:26:08'),
(128, 'MIE180920036', '8848', '2018-09-20 11:26:13', 'create', '8848 created sample sample MIE180920036 at 2018-09-20 11:26:13', NULL, NULL, NULL, NULL, NULL, NULL, NULL, NULL, '2018-09-20 04:26:13', '2018-09-20 04:26:13'),
(129, 'MIE180920034', '11316', '2018-09-20 13:05:28', 'upload', '11316 uploaded sample result MIE180920034 at 2018-09-20 13:05:28', 0.0000, 0.0000, 0.0000, 0.0000, 51.0271, 53.0271, 53.0001, 1.3500, '2018-09-20 06:05:28', '2018-09-20 06:05:28'),
(130, 'MIE180920035', '11316', '2018-09-20 13:05:28', 'upload', '11316 uploaded sample result MIE180920035 at 2018-09-20 13:05:28', 0.0000, 0.0000, 0.0000, 0.0000, 51.0215, 53.1253, 53.0912, 1.6200, '2018-09-20 06:05:28', '2018-09-20 06:05:28'),
(131, 'MIE180920036', '11316', '2018-09-20 13:05:28', 'upload', '11316 uploaded sample result MIE180920036 at 2018-09-20 13:05:28', 0.0000, 0.0000, 0.0000, 0.0000, 45.2654, 47.2135, 47.1289, 4.3400, '2018-09-20 06:05:28', '2018-09-20 06:05:28'),
(132, 'MIE180920034', '16245', '2018-09-20 13:06:13', 'approve', 'Approved by 16245', NULL, NULL, NULL, NULL, NULL, NULL, NULL, NULL, '2018-09-20 06:06:13', '2018-09-20 06:06:13'),
(133, 'MIE180920035', '16245', '2018-09-20 13:06:23', 'reject', 'ulang', NULL, NULL, NULL, NULL, NULL, NULL, NULL, NULL, '2018-09-20 06:06:23', '2018-09-20 06:06:23'),
(134, 'MIE180920036', '16245', '2018-09-20 13:06:27', 'approve', 'Approved by 16245', NULL, NULL, NULL, NULL, NULL, NULL, NULL, NULL, '2018-09-20 06:06:27', '2018-09-20 06:06:27'),
(135, 'MIE180920034', '11316', '2018-09-20 13:09:11', 'upload_fc', '11316 fc uploaded sample result MIE180920034 at 2018-09-20 13:09:11', 53.5989, 53.2543, 2.0184, 17.0700, NULL, NULL, NULL, NULL, '2018-09-20 06:09:11', '2018-09-20 06:09:11'),
(136, 'MIE180920036', '11316', '2018-09-20 13:09:11', 'upload_fc', '11316 fc uploaded sample result MIE180920036 at 2018-09-20 13:09:11', 46.6893, 46.3251, 2.1253, 17.1400, NULL, NULL, NULL, NULL, '2018-09-20 06:09:11', '2018-09-20 06:09:11'),
(137, 'MIE180920035', '11316', '2018-09-20 13:20:26', 'upload', '11316 uploaded sample result MIE180920035 at 2018-09-20 13:20:26', 0.0000, 0.0000, 0.0000, 0.0000, 51.0215, 53.1253, 53.0812, 2.1000, '2018-09-20 06:20:26', '2018-09-20 06:20:26'),
(138, 'MIE180919033', '11316', '2018-09-20 13:21:30', 'upload_fc', '11316 fc uploaded sample result MIE180919033 at 2018-09-20 13:21:30', 50.5693, 50.1245, 2.1531, 20.6600, NULL, NULL, NULL, NULL, '2018-09-20 06:21:30', '2018-09-20 06:21:30'),
(139, 'MIE180920035', '16245', '2018-09-20 13:22:58', 'approve', 'Approved by 16245', NULL, NULL, NULL, NULL, NULL, NULL, NULL, NULL, '2018-09-20 06:22:58', '2018-09-20 06:22:58');

-- --------------------------------------------------------

--
-- Table structure for table `log_sample_minyak`
--

CREATE TABLE `log_sample_minyak` (
  `id` int(10) UNSIGNED NOT NULL,
  `sample_id` varchar(20) COLLATE utf8mb4_unicode_ci NOT NULL,
  `nik` varchar(12) COLLATE utf8mb4_unicode_ci NOT NULL,
  `log_time` datetime NOT NULL,
  `action` varchar(20) COLLATE utf8mb4_unicode_ci NOT NULL,
  `keterangan` varchar(255) COLLATE utf8mb4_unicode_ci NOT NULL,
  `volume_titrasi_pv` double(8,4) DEFAULT NULL,
  `bobot_sample_pv` double(8,4) DEFAULT NULL,
  `normalitas_pv` double(8,4) DEFAULT NULL,
  `faktor_pv` double(8,4) DEFAULT NULL,
  `nilai_pv` double(8,4) DEFAULT NULL,
  `volume_titrasi_ffa` double(8,4) DEFAULT NULL,
  `bobot_sample_ffa` double(8,4) DEFAULT NULL,
  `normalitas_ffa` double(8,4) DEFAULT NULL,
  `faktor_ffa` double(8,4) DEFAULT NULL,
  `nilai_ffa` double(8,4) DEFAULT NULL,
  `created_at` timestamp NULL DEFAULT NULL,
  `updated_at` timestamp NULL DEFAULT NULL
) ENGINE=InnoDB DEFAULT CHARSET=utf8mb4 COLLATE=utf8mb4_unicode_ci;

--
-- Dumping data for table `log_sample_minyak`
--

INSERT INTO `log_sample_minyak` (`id`, `sample_id`, `nik`, `log_time`, `action`, `keterangan`, `volume_titrasi_pv`, `bobot_sample_pv`, `normalitas_pv`, `faktor_pv`, `nilai_pv`, `volume_titrasi_ffa`, `bobot_sample_ffa`, `normalitas_ffa`, `faktor_ffa`, `nilai_ffa`, `created_at`, `updated_at`) VALUES
(1, 'MYK180917001', '400', '2018-09-17 15:10:31', 'create', '400 created sample sample MYK180917001 at 2018-09-17 15:10:31', NULL, NULL, NULL, NULL, NULL, NULL, NULL, NULL, NULL, NULL, '2018-09-17 08:10:31', '2018-09-17 08:10:31'),
(2, 'MYK180918002', '8921', '2018-09-18 08:46:48', 'create', '8921 created sample sample MYK180918002 at 2018-09-18 08:46:48', NULL, NULL, NULL, NULL, NULL, NULL, NULL, NULL, NULL, NULL, '2018-09-18 01:46:48', '2018-09-18 01:46:48'),
(3, 'MYK180918003', '8921', '2018-09-18 08:49:24', 'create', '8921 created sample sample MYK180918003 at 2018-09-18 08:49:24', NULL, NULL, NULL, NULL, NULL, NULL, NULL, NULL, NULL, NULL, '2018-09-18 01:49:24', '2018-09-18 01:49:24'),
(4, 'MYK180918004', '8921', '2018-09-18 08:50:02', 'create', '8921 created sample sample MYK180918004 at 2018-09-18 08:50:02', NULL, NULL, NULL, NULL, NULL, NULL, NULL, NULL, NULL, NULL, '2018-09-18 01:50:02', '2018-09-18 01:50:02'),
(5, 'MYK180918005', '8921', '2018-09-18 08:51:03', 'create', '8921 created sample sample MYK180918005 at 2018-09-18 08:51:03', NULL, NULL, NULL, NULL, NULL, NULL, NULL, NULL, NULL, NULL, '2018-09-18 01:51:03', '2018-09-18 01:51:03'),
(6, 'MYK180918003', '8921', '2018-09-18 08:51:24', 'delete', 'deleted by 8921', NULL, NULL, NULL, NULL, NULL, NULL, NULL, NULL, NULL, NULL, '2018-09-18 01:51:24', '2018-09-18 01:51:24'),
(7, 'MYK180918004', '8921', '2018-09-18 09:00:04', 'delete', 'deleted by 8921', NULL, NULL, NULL, NULL, NULL, NULL, NULL, NULL, NULL, NULL, '2018-09-18 02:00:04', '2018-09-18 02:00:04'),
(8, 'MYK180918005', '8921', '2018-09-18 09:00:08', 'delete', 'deleted by 8921', NULL, NULL, NULL, NULL, NULL, NULL, NULL, NULL, NULL, NULL, '2018-09-18 02:00:08', '2018-09-18 02:00:08'),
(9, 'MYK180918006', '8921', '2018-09-18 09:00:23', 'create', '8921 created sample sample MYK180918006 at 2018-09-18 09:00:23', NULL, NULL, NULL, NULL, NULL, NULL, NULL, NULL, NULL, NULL, '2018-09-18 02:00:23', '2018-09-18 02:00:23'),
(10, 'MYK180918007', '8921', '2018-09-18 09:00:40', 'create', '8921 created sample sample MYK180918007 at 2018-09-18 09:00:40', NULL, NULL, NULL, NULL, NULL, NULL, NULL, NULL, NULL, NULL, '2018-09-18 02:00:40', '2018-09-18 02:00:40'),
(11, 'MYK180918008', '8921', '2018-09-18 09:02:08', 'create', '8921 created sample sample MYK180918008 at 2018-09-18 09:02:08', NULL, NULL, NULL, NULL, NULL, NULL, NULL, NULL, NULL, NULL, '2018-09-18 02:02:08', '2018-09-18 02:02:08'),
(12, 'MYK180918009', '8921', '2018-09-18 09:20:18', 'create', '8921 created sample sample MYK180918009 at 2018-09-18 09:20:18', NULL, NULL, NULL, NULL, NULL, NULL, NULL, NULL, NULL, NULL, '2018-09-18 02:20:18', '2018-09-18 02:20:18'),
(13, 'MYK180918010', '8921', '2018-09-18 09:20:33', 'create', '8921 created sample sample MYK180918010 at 2018-09-18 09:20:33', NULL, NULL, NULL, NULL, NULL, NULL, NULL, NULL, NULL, NULL, '2018-09-18 02:20:33', '2018-09-18 02:20:33'),
(14, 'MYK180918011', '8921', '2018-09-18 09:20:37', 'create', '8921 created sample sample MYK180918011 at 2018-09-18 09:20:37', NULL, NULL, NULL, NULL, NULL, NULL, NULL, NULL, NULL, NULL, '2018-09-18 02:20:37', '2018-09-18 02:20:37'),
(15, 'MYK180918010', '8921', '2018-09-18 09:20:43', 'delete', 'deleted by 8921', NULL, NULL, NULL, NULL, NULL, NULL, NULL, NULL, NULL, NULL, '2018-09-18 02:20:43', '2018-09-18 02:20:43'),
(16, 'MYK180918011', '8921', '2018-09-18 09:20:47', 'delete', 'deleted by 8921', NULL, NULL, NULL, NULL, NULL, NULL, NULL, NULL, NULL, NULL, '2018-09-18 02:20:47', '2018-09-18 02:20:47'),
(17, 'MYK180918002', '10108', '2018-09-18 09:47:18', 'upload', '10108 uploaded sample result MYK180918002 at 2018-09-18 09:47:18', 0.2800, 5.0321, 0.0102, 1000.0000, 0.5700, 1.0300, 56.4021, 0.1023, 25.6000, 0.0478, '2018-09-18 02:47:18', '2018-09-18 02:47:18'),
(18, 'MYK180918006', '10108', '2018-09-18 09:47:18', 'upload', '10108 uploaded sample result MYK180918006 at 2018-09-18 09:47:18', 1.7100, 5.1805, 0.0102, 1000.0000, 3.3700, 0.3100, 10.0483, 0.1023, 25.6000, 0.0808, '2018-09-18 02:47:18', '2018-09-18 02:47:18'),
(19, 'MYK180918007', '10108', '2018-09-18 09:47:18', 'upload', '10108 uploaded sample result MYK180918007 at 2018-09-18 09:47:18', 1.5100, 5.0550, 0.0102, 1000.0000, 3.0500, 0.4200, 10.0235, 0.1023, 25.6000, 0.1097, '2018-09-18 02:47:18', '2018-09-18 02:47:18'),
(20, 'MYK180918008', '10108', '2018-09-18 09:47:19', 'upload', '10108 uploaded sample result MYK180918008 at 2018-09-18 09:47:19', 1.8700, 5.0934, 0.0102, 1000.0000, 3.7400, 0.4200, 10.1417, 0.1023, 25.6000, 0.1085, '2018-09-18 02:47:19', '2018-09-18 02:47:19'),
(21, 'MYK180918009', '10108', '2018-09-18 09:47:19', 'upload', '10108 uploaded sample result MYK180918009 at 2018-09-18 09:47:19', 1.5800, 5.0728, 0.0102, 1000.0000, 3.1800, 0.4100, 10.1678, 0.1023, 25.6000, 0.1056, '2018-09-18 02:47:19', '2018-09-18 02:47:19'),
(22, 'MYK180917001', '10108', '2018-09-18 09:47:19', 'upload', '10108 uploaded sample result MYK180917001 at 2018-09-18 09:47:19', 1.2100, 5.0812, 0.0102, 1000.0000, 2.4300, 0.7100, 10.2310, 0.1023, 25.6000, 0.1817, '2018-09-18 02:47:19', '2018-09-18 02:47:19'),
(23, 'MYK180917001', '20186', '2018-09-18 09:47:52', 'approve', 'Approved by 20186', NULL, NULL, NULL, NULL, NULL, NULL, NULL, NULL, NULL, NULL, '2018-09-18 02:47:52', '2018-09-18 02:47:52'),
(24, 'MYK180918002', '20186', '2018-09-18 09:47:54', 'approve', 'Approved by 20186', NULL, NULL, NULL, NULL, NULL, NULL, NULL, NULL, NULL, NULL, '2018-09-18 02:47:54', '2018-09-18 02:47:54'),
(25, 'MYK180918006', '20186', '2018-09-18 09:47:57', 'approve', 'Approved by 20186', NULL, NULL, NULL, NULL, NULL, NULL, NULL, NULL, NULL, NULL, '2018-09-18 02:47:57', '2018-09-18 02:47:57'),
(26, 'MYK180918007', '20186', '2018-09-18 09:48:09', 'reject', 'tolong dicek ulang', NULL, NULL, NULL, NULL, NULL, NULL, NULL, NULL, NULL, NULL, '2018-09-18 02:48:09', '2018-09-18 02:48:09'),
(27, 'MYK180918008', '20186', '2018-09-18 09:48:13', 'approve', 'Approved by 20186', NULL, NULL, NULL, NULL, NULL, NULL, NULL, NULL, NULL, NULL, '2018-09-18 02:48:13', '2018-09-18 02:48:13'),
(28, 'MYK180918009', '20186', '2018-09-18 09:48:15', 'approve', 'Approved by 20186', NULL, NULL, NULL, NULL, NULL, NULL, NULL, NULL, NULL, NULL, '2018-09-18 02:48:15', '2018-09-18 02:48:15'),
(29, 'MYK180918007', '10108', '2018-09-18 09:50:01', 'duplo', '10108 duplo sample MYK180918007 pv nilai  ffa nilai  at 2018-09-18 09:50:01', NULL, NULL, NULL, NULL, NULL, NULL, NULL, NULL, NULL, NULL, '2018-09-18 02:50:01', '2018-09-18 02:50:01'),
(30, 'MYK180918007', '10108', '2018-09-18 09:50:01', 'upload', '10108 uploaded sample result MYK180918007 at 2018-09-18 09:50:01', 1.5100, 5.0550, 0.0102, 1000.0000, 3.0500, 0.4200, 10.0235, 0.1023, 25.6000, 0.1097, '2018-09-18 02:50:01', '2018-09-18 02:50:01'),
(31, 'MYK180918007', '20186', '2018-09-18 09:52:26', 'approve', 'Approved by 20186', NULL, NULL, NULL, NULL, NULL, NULL, NULL, NULL, NULL, NULL, '2018-09-18 02:52:26', '2018-09-18 02:52:26'),
(32, 'MYK180918012', '8921', '2018-09-18 09:55:36', 'create', '8921 created sample sample MYK180918012 at 2018-09-18 09:55:36', NULL, NULL, NULL, NULL, NULL, NULL, NULL, NULL, NULL, NULL, '2018-09-18 02:55:36', '2018-09-18 02:55:36'),
(33, 'MYK180918012', '10108', '2018-09-18 10:02:46', 'upload', '10108 uploaded sample result MYK180918012 at 2018-09-18 10:02:46', 1.9800, 5.0157, 0.0102, 1000.0000, 4.0300, 0.4200, 10.0271, 0.1023, 25.6000, 0.1097, '2018-09-18 03:02:46', '2018-09-18 03:02:46'),
(34, 'MYK180918012', '20186', '2018-09-18 10:04:36', 'approve', 'Approved by 20186', NULL, NULL, NULL, NULL, NULL, NULL, NULL, NULL, NULL, NULL, '2018-09-18 03:04:36', '2018-09-18 03:04:36'),
(35, 'MYK180918013', '8921', '2018-09-18 10:16:59', 'create', '8921 created sample sample MYK180918013 at 2018-09-18 10:16:59', NULL, NULL, NULL, NULL, NULL, NULL, NULL, NULL, NULL, NULL, '2018-09-18 03:16:59', '2018-09-18 03:16:59'),
(36, 'MYK180918014', '8921', '2018-09-18 10:17:04', 'create', '8921 created sample sample MYK180918014 at 2018-09-18 10:17:04', NULL, NULL, NULL, NULL, NULL, NULL, NULL, NULL, NULL, NULL, '2018-09-18 03:17:04', '2018-09-18 03:17:04'),
(37, 'MYK180918015', '8921', '2018-09-18 10:34:40', 'create', '8921 created sample sample MYK180918015 at 2018-09-18 10:34:40', NULL, NULL, NULL, NULL, NULL, NULL, NULL, NULL, NULL, NULL, '2018-09-18 03:34:40', '2018-09-18 03:34:40'),
(38, 'MYK180918013', '10108', '2018-09-18 11:05:05', 'upload', '10108 uploaded sample result MYK180918013 at 2018-09-18 11:05:05', 2.8500, 5.1387, 0.0102, 1000.0000, 5.6600, 0.3700, 10.1480, 0.1023, 25.6000, 0.0955, '2018-09-18 04:05:05', '2018-09-18 04:05:05'),
(39, 'MYK180918014', '10108', '2018-09-18 11:05:06', 'upload', '10108 uploaded sample result MYK180918014 at 2018-09-18 11:05:06', 1.3900, 5.0914, 0.0102, 1000.0000, 2.7800, 0.4000, 10.0337, 0.1023, 25.6000, 0.1044, '2018-09-18 04:05:06', '2018-09-18 04:05:06'),
(40, 'MYK180918015', '10108', '2018-09-18 11:05:06', 'upload', '10108 uploaded sample result MYK180918015 at 2018-09-18 11:05:06', 1.2800, 5.0285, 0.0102, 1000.0000, 2.6000, 0.5200, 10.0488, 0.1023, 25.6000, 0.1355, '2018-09-18 04:05:06', '2018-09-18 04:05:06'),
(41, 'MYK180918013', '20186', '2018-09-18 11:06:44', 'approve', 'Approved by 20186', NULL, NULL, NULL, NULL, NULL, NULL, NULL, NULL, NULL, NULL, '2018-09-18 04:06:44', '2018-09-18 04:06:44'),
(42, 'MYK180918014', '20186', '2018-09-18 11:06:47', 'approve', 'Approved by 20186', NULL, NULL, NULL, NULL, NULL, NULL, NULL, NULL, NULL, NULL, '2018-09-18 04:06:47', '2018-09-18 04:06:47'),
(43, 'MYK180918015', '20186', '2018-09-18 11:07:02', 'reject', 'CEK ULANG', NULL, NULL, NULL, NULL, NULL, NULL, NULL, NULL, NULL, NULL, '2018-09-18 04:07:02', '2018-09-18 04:07:02'),
(44, 'MYK180918015', '10108', '2018-09-18 11:09:02', 'duplo', '10108 duplo sample MYK180918015 pv nilai  ffa nilai  at 2018-09-18 11:09:02', NULL, NULL, NULL, NULL, NULL, NULL, NULL, NULL, NULL, NULL, '2018-09-18 04:09:02', '2018-09-18 04:09:02'),
(45, 'MYK180918015', '10108', '2018-09-18 11:09:02', 'upload', '10108 uploaded sample result MYK180918015 at 2018-09-18 11:09:02', 1.2800, 5.0285, 0.0102, 1000.0000, 2.6000, 0.5200, 10.0488, 0.1023, 25.6000, 0.1355, '2018-09-18 04:09:02', '2018-09-18 04:09:02'),
(46, 'MYK180918015', '20186', '2018-09-18 11:10:02', 'approve', 'Approved by 20186', NULL, NULL, NULL, NULL, NULL, NULL, NULL, NULL, NULL, NULL, '2018-09-18 04:10:02', '2018-09-18 04:10:02'),
(47, 'MYK180918016', '8921', '2018-09-18 11:26:58', 'create', '8921 created sample sample MYK180918016 at 2018-09-18 11:26:58', NULL, NULL, NULL, NULL, NULL, NULL, NULL, NULL, NULL, NULL, '2018-09-18 04:26:58', '2018-09-18 04:26:58'),
(48, 'MYK180918017', '8921', '2018-09-18 11:34:46', 'create', '8921 created sample sample MYK180918017 at 2018-09-18 11:34:46', NULL, NULL, NULL, NULL, NULL, NULL, NULL, NULL, NULL, NULL, '2018-09-18 04:34:46', '2018-09-18 04:34:46'),
(49, 'MYK180918018', '8921', '2018-09-18 11:40:08', 'create', '8921 created sample sample MYK180918018 at 2018-09-18 11:40:08', NULL, NULL, NULL, NULL, NULL, NULL, NULL, NULL, NULL, NULL, '2018-09-18 04:40:08', '2018-09-18 04:40:08'),
(50, 'MYK180918016', '10108', '2018-09-18 13:16:53', 'upload', '10108 uploaded sample result MYK180918016 at 2018-09-18 13:16:53', 1.7000, 5.0909, 0.0102, 1000.0000, 3.4100, 0.3100, 10.0527, 0.1023, 25.6000, 0.0808, '2018-09-18 06:16:53', '2018-09-18 06:16:53'),
(51, 'MYK180918017', '10108', '2018-09-18 13:16:53', 'upload', '10108 uploaded sample result MYK180918017 at 2018-09-18 13:16:53', 1.5900, 5.1095, 0.0102, 1000.0000, 3.1700, 0.3700, 10.0461, 0.1023, 25.6000, 0.0965, '2018-09-18 06:16:53', '2018-09-18 06:16:53'),
(52, 'MYK180918018', '10108', '2018-09-18 13:16:53', 'upload', '10108 uploaded sample result MYK180918018 at 2018-09-18 13:16:53', 1.5500, 5.0559, 0.0102, 1000.0000, 3.1300, 0.3500, 10.0610, 0.1023, 25.6000, 0.0911, '2018-09-18 06:16:53', '2018-09-18 06:16:53'),
(53, 'MYK180918016', '20186', '2018-09-18 13:17:43', 'approve', 'Approved by 20186', NULL, NULL, NULL, NULL, NULL, NULL, NULL, NULL, NULL, NULL, '2018-09-18 06:17:43', '2018-09-18 06:17:43'),
(54, 'MYK180918017', '20186', '2018-09-18 13:17:53', 'approve', 'Approved by 20186', NULL, NULL, NULL, NULL, NULL, NULL, NULL, NULL, NULL, NULL, '2018-09-18 06:17:53', '2018-09-18 06:17:53'),
(55, 'MYK180918018', '20186', '2018-09-18 13:17:56', 'approve', 'Approved by 20186', NULL, NULL, NULL, NULL, NULL, NULL, NULL, NULL, NULL, NULL, '2018-09-18 06:17:56', '2018-09-18 06:17:56'),
(56, 'MYK180918019', '8921', '2018-09-18 13:20:55', 'create', '8921 created sample sample MYK180918019 at 2018-09-18 13:20:55', NULL, NULL, NULL, NULL, NULL, NULL, NULL, NULL, NULL, NULL, '2018-09-18 06:20:55', '2018-09-18 06:20:55'),
(57, 'MYK180918020', '8921', '2018-09-18 13:21:01', 'create', '8921 created sample sample MYK180918020 at 2018-09-18 13:21:01', NULL, NULL, NULL, NULL, NULL, NULL, NULL, NULL, NULL, NULL, '2018-09-18 06:21:01', '2018-09-18 06:21:01'),
(58, 'MYK180918021', '8921', '2018-09-18 13:21:07', 'create', '8921 created sample sample MYK180918021 at 2018-09-18 13:21:07', NULL, NULL, NULL, NULL, NULL, NULL, NULL, NULL, NULL, NULL, '2018-09-18 06:21:07', '2018-09-18 06:21:07'),
(59, 'MYK180918019', '10108', '2018-09-18 13:47:07', 'duplo', '10108 duplo sample MYK180918019 pv nilai 10.00 ffa nilai 0.6656 at 2018-09-18 13:47:07', NULL, NULL, NULL, NULL, NULL, NULL, NULL, NULL, NULL, NULL, '2018-09-18 06:47:07', '2018-09-18 06:47:07'),
(60, 'MYK180918019', '10108', '2018-09-18 13:47:07', 'upload', '10108 uploaded sample result MYK180918019 at 2018-09-18 13:47:07', 12.0000, 12.0000, 0.0100, 1000.0000, 10.0000, 12.0000, 12.0000, 0.0260, 25.6000, 0.6656, '2018-09-18 06:47:07', '2018-09-18 06:47:07'),
(61, 'MYK180918020', '10108', '2018-09-18 13:47:08', 'upload', '10108 uploaded sample result MYK180918020 at 2018-09-18 13:47:08', 12.0000, 12.0000, 0.0100, 1000.0000, 10.0000, 12.0000, 12.0000, 0.0260, 25.6000, 0.6656, '2018-09-18 06:47:08', '2018-09-18 06:47:08'),
(62, 'MYK180918021', '10108', '2018-09-18 13:56:46', 'upload', '10108 uploaded sample result MYK180918021 at 2018-09-18 13:56:46', 1.7400, 5.0886, 0.0102, 1000.0000, 3.4900, 0.4500, 10.1240, 0.1023, 25.6000, 0.1164, '2018-09-18 06:56:46', '2018-09-18 06:56:46'),
(63, 'MYK180918021', '20186', '2018-09-18 13:57:39', 'approve', 'Approved by 20186', NULL, NULL, NULL, NULL, NULL, NULL, NULL, NULL, NULL, NULL, '2018-09-18 06:57:39', '2018-09-18 06:57:39'),
(64, 'MYK180918022', '8921', '2018-09-18 14:10:18', 'create', '8921 created sample sample MYK180918022 at 2018-09-18 14:10:18', NULL, NULL, NULL, NULL, NULL, NULL, NULL, NULL, NULL, NULL, '2018-09-18 07:10:18', '2018-09-18 07:10:18'),
(65, 'MYK180918023', '8921', '2018-09-18 14:10:25', 'create', '8921 created sample sample MYK180918023 at 2018-09-18 14:10:25', NULL, NULL, NULL, NULL, NULL, NULL, NULL, NULL, NULL, NULL, '2018-09-18 07:10:25', '2018-09-18 07:10:25'),
(66, 'MYK180918022', '10108', '2018-09-18 14:20:03', 'upload', '10108 uploaded sample result MYK180918022 at 2018-09-18 14:20:03', 1.8800, 5.0422, 0.0102, 1000.0000, 3.8000, 0.3800, 10.1519, 0.1023, 25.6000, 0.0980, '2018-09-18 07:20:03', '2018-09-18 07:20:03'),
(67, 'MYK180918023', '10108', '2018-09-18 14:20:03', 'upload', '10108 uploaded sample result MYK180918023 at 2018-09-18 14:20:03', 1.6400, 5.0506, 0.0102, 1000.0000, 3.3100, 0.4900, 10.0778, 0.1023, 25.6000, 0.1273, '2018-09-18 07:20:03', '2018-09-18 07:20:03'),
(68, 'MYK180918023', '20186', '2018-09-18 14:21:23', 'approve', 'Approved by 20186', NULL, NULL, NULL, NULL, NULL, NULL, NULL, NULL, NULL, NULL, '2018-09-18 07:21:23', '2018-09-18 07:21:23'),
(69, 'MYK180918022', '20186', '2018-09-18 14:21:27', 'approve', 'Approved by 20186', NULL, NULL, NULL, NULL, NULL, NULL, NULL, NULL, NULL, NULL, '2018-09-18 07:21:27', '2018-09-18 07:21:27'),
(70, 'MYK180918024', '8921', '2018-09-18 14:27:28', 'create', '8921 created sample sample MYK180918024 at 2018-09-18 14:27:28', NULL, NULL, NULL, NULL, NULL, NULL, NULL, NULL, NULL, NULL, '2018-09-18 07:27:28', '2018-09-18 07:27:28'),
(71, 'MYK180918025', '8921', '2018-09-18 14:27:34', 'create', '8921 created sample sample MYK180918025 at 2018-09-18 14:27:34', NULL, NULL, NULL, NULL, NULL, NULL, NULL, NULL, NULL, NULL, '2018-09-18 07:27:34', '2018-09-18 07:27:34'),
(72, 'MYK180918026', '8921', '2018-09-18 14:27:39', 'create', '8921 created sample sample MYK180918026 at 2018-09-18 14:27:39', NULL, NULL, NULL, NULL, NULL, NULL, NULL, NULL, NULL, NULL, '2018-09-18 07:27:39', '2018-09-18 07:27:39'),
(73, 'MYK180918024', '10108', '2018-09-18 14:57:38', 'upload', '10108 uploaded sample result MYK180918024 at 2018-09-18 14:57:38', 2.1500, 5.1028, 0.0102, 1000.0000, 4.3000, 0.3400, 10.0312, 0.1023, 25.6000, 0.0888, '2018-09-18 07:57:38', '2018-09-18 07:57:38'),
(74, 'MYK180918025', '10108', '2018-09-18 14:57:39', 'upload', '10108 uploaded sample result MYK180918025 at 2018-09-18 14:57:39', 1.8500, 5.1108, 0.0102, 1000.0000, 3.6900, 0.5300, 10.0838, 0.1023, 25.6000, 0.1376, '2018-09-18 07:57:39', '2018-09-18 07:57:39'),
(75, 'MYK180918026', '10108', '2018-09-18 14:57:39', 'upload', '10108 uploaded sample result MYK180918026 at 2018-09-18 14:57:39', 1.9700, 5.1314, 0.0102, 1000.0000, 3.9200, 0.4900, 10.0606, 0.1023, 25.6000, 0.1276, '2018-09-18 07:57:39', '2018-09-18 07:57:39'),
(76, 'MYK180918024', '20186', '2018-09-18 14:58:23', 'approve', 'Approved by 20186', NULL, NULL, NULL, NULL, NULL, NULL, NULL, NULL, NULL, NULL, '2018-09-18 07:58:23', '2018-09-18 07:58:23'),
(77, 'MYK180918025', '20186', '2018-09-18 14:58:33', 'approve', 'Approved by 20186', NULL, NULL, NULL, NULL, NULL, NULL, NULL, NULL, NULL, NULL, '2018-09-18 07:58:33', '2018-09-18 07:58:33'),
(78, 'MYK180918026', '20186', '2018-09-18 14:58:35', 'approve', 'Approved by 20186', NULL, NULL, NULL, NULL, NULL, NULL, NULL, NULL, NULL, NULL, '2018-09-18 07:58:35', '2018-09-18 07:58:35'),
(79, 'MYK180918027', '8921', '2018-09-18 15:11:51', 'create', '8921 created sample sample MYK180918027 at 2018-09-18 15:11:51', NULL, NULL, NULL, NULL, NULL, NULL, NULL, NULL, NULL, NULL, '2018-09-18 08:11:51', '2018-09-18 08:11:51'),
(80, 'MYK180918028', '8921', '2018-09-18 15:12:17', 'create', '8921 created sample sample MYK180918028 at 2018-09-18 15:12:17', NULL, NULL, NULL, NULL, NULL, NULL, NULL, NULL, NULL, NULL, '2018-09-18 08:12:17', '2018-09-18 08:12:17'),
(81, 'MYK180918027', '8921', '2018-09-18 15:12:22', 'delete', 'deleted by 8921', NULL, NULL, NULL, NULL, NULL, NULL, NULL, NULL, NULL, NULL, '2018-09-18 08:12:22', '2018-09-18 08:12:22'),
(82, 'MYK180918028', '8921', '2018-09-18 15:12:25', 'delete', 'deleted by 8921', NULL, NULL, NULL, NULL, NULL, NULL, NULL, NULL, NULL, NULL, '2018-09-18 08:12:25', '2018-09-18 08:12:25'),
(83, 'MYK180918029', '8921', '2018-09-18 15:12:59', 'create', '8921 created sample sample MYK180918029 at 2018-09-18 15:12:59', NULL, NULL, NULL, NULL, NULL, NULL, NULL, NULL, NULL, NULL, '2018-09-18 08:12:59', '2018-09-18 08:12:59'),
(84, 'MYK180918030', '8921', '2018-09-18 15:13:14', 'create', '8921 created sample sample MYK180918030 at 2018-09-18 15:13:14', NULL, NULL, NULL, NULL, NULL, NULL, NULL, NULL, NULL, NULL, '2018-09-18 08:13:14', '2018-09-18 08:13:14'),
(85, 'MYK180918031', '8921', '2018-09-18 15:13:29', 'create', '8921 created sample sample MYK180918031 at 2018-09-18 15:13:29', NULL, NULL, NULL, NULL, NULL, NULL, NULL, NULL, NULL, NULL, '2018-09-18 08:13:29', '2018-09-18 08:13:29'),
(86, 'MYK180918029', '8921', '2018-09-18 15:22:37', 'delete', 'deleted by 8921', NULL, NULL, NULL, NULL, NULL, NULL, NULL, NULL, NULL, NULL, '2018-09-18 08:22:37', '2018-09-18 08:22:37'),
(87, 'MYK180918030', '8921', '2018-09-18 15:22:41', 'delete', 'deleted by 8921', NULL, NULL, NULL, NULL, NULL, NULL, NULL, NULL, NULL, NULL, '2018-09-18 08:22:41', '2018-09-18 08:22:41'),
(88, 'MYK180918031', '8921', '2018-09-18 15:22:44', 'delete', 'deleted by 8921', NULL, NULL, NULL, NULL, NULL, NULL, NULL, NULL, NULL, NULL, '2018-09-18 08:22:44', '2018-09-18 08:22:44'),
(89, 'MYK180918032', '8921', '2018-09-18 16:46:48', 'create', '8921 created sample sample MYK180918032 at 2018-09-18 16:46:48', NULL, NULL, NULL, NULL, NULL, NULL, NULL, NULL, NULL, NULL, '2018-09-18 09:46:48', '2018-09-18 09:46:48'),
(90, 'MYK180918033', '8921', '2018-09-18 16:47:02', 'create', '8921 created sample sample MYK180918033 at 2018-09-18 16:47:02', NULL, NULL, NULL, NULL, NULL, NULL, NULL, NULL, NULL, NULL, '2018-09-18 09:47:02', '2018-09-18 09:47:02'),
(91, 'MYK180918034', '8921', '2018-09-18 16:47:11', 'create', '8921 created sample sample MYK180918034 at 2018-09-18 16:47:11', NULL, NULL, NULL, NULL, NULL, NULL, NULL, NULL, NULL, NULL, '2018-09-18 09:47:11', '2018-09-18 09:47:11'),
(92, 'MYK180918032', '9324', '2018-09-18 16:59:32', 'upload', '9324 uploaded sample result MYK180918032 at 2018-09-18 16:59:32', 1.2600, 5.2324, 0.0101, 1000.0000, 2.4300, 0.4200, 10.1218, 0.1010, 25.6000, 0.1073, '2018-09-18 09:59:32', '2018-09-18 09:59:32'),
(93, 'MYK180918032', '9324', '2018-09-18 17:01:07', 'upload', '9324 uploaded sample result MYK180918032 at 2018-09-18 17:01:07', 1.2600, 5.2324, 0.0101, 1000.0000, 2.4300, 0.4200, 10.1218, 0.1010, 25.6000, 0.1073, '2018-09-18 10:01:07', '2018-09-18 10:01:07'),
(94, 'MYK180918033', '9324', '2018-09-18 17:01:07', 'upload', '9324 uploaded sample result MYK180918033 at 2018-09-18 17:01:07', 1.6800, 5.1330, 0.0101, 1000.0000, 3.3100, 0.4100, 10.1246, 0.1010, 25.6000, 0.1047, '2018-09-18 10:01:07', '2018-09-18 10:01:07'),
(95, 'MYK180918034', '9324', '2018-09-18 17:01:07', 'upload', '9324 uploaded sample result MYK180918034 at 2018-09-18 17:01:07', 1.3000, 5.1800, 0.0101, 1000.0000, 2.5300, 0.3600, 10.0144, 0.1010, 25.6000, 0.0929, '2018-09-18 10:01:07', '2018-09-18 10:01:07'),
(96, 'MYK180918033', '18773', '2018-09-18 17:03:17', 'reject', 'ceklagi', NULL, NULL, NULL, NULL, NULL, NULL, NULL, NULL, NULL, NULL, '2018-09-18 10:03:17', '2018-09-18 10:03:17'),
(97, 'MYK180918033', '9324', '2018-09-18 17:04:05', 'upload', '9324 uploaded sample result MYK180918033 at 2018-09-18 17:04:05', 1.6800, 5.1330, 0.0101, 1000.0000, 3.3100, 0.4100, 10.1246, 0.1010, 25.6000, 0.1047, '2018-09-18 10:04:05', '2018-09-18 10:04:05'),
(98, 'MYK180918032', '18773', '2018-09-18 17:06:26', 'approve', 'Approved by 18773', NULL, NULL, NULL, NULL, NULL, NULL, NULL, NULL, NULL, NULL, '2018-09-18 10:06:26', '2018-09-18 10:06:26'),
(99, 'MYK180918034', '18773', '2018-09-18 17:06:30', 'approve', 'Approved by 18773', NULL, NULL, NULL, NULL, NULL, NULL, NULL, NULL, NULL, NULL, '2018-09-18 10:06:30', '2018-09-18 10:06:30'),
(100, 'MYK180918033', '18773', '2018-09-18 17:06:53', 'reject', 'cek lgi', NULL, NULL, NULL, NULL, NULL, NULL, NULL, NULL, NULL, NULL, '2018-09-18 10:06:53', '2018-09-18 10:06:53'),
(101, 'MYK180918033', '9324', '2018-09-18 17:07:48', 'duplo', '9324 duplo sample MYK180918033 pv nilai  ffa nilai  at 2018-09-18 17:07:48', NULL, NULL, NULL, NULL, NULL, NULL, NULL, NULL, NULL, NULL, '2018-09-18 10:07:48', '2018-09-18 10:07:48'),
(102, 'MYK180918033', '9324', '2018-09-18 17:07:48', 'upload', '9324 uploaded sample result MYK180918033 at 2018-09-18 17:07:48', 1.6800, 5.1330, 0.0101, 1000.0000, 3.3100, 0.4100, 10.1246, 0.1010, 25.6000, 0.1047, '2018-09-18 10:07:48', '2018-09-18 10:07:48'),
(103, 'MYK180918033', '18773', '2018-09-18 17:09:11', 'approve', 'Approved by 18773', NULL, NULL, NULL, NULL, NULL, NULL, NULL, NULL, NULL, NULL, '2018-09-18 10:09:11', '2018-09-18 10:09:11'),
(104, 'MYK180918035', '8921', '2018-09-18 18:03:20', 'create', '8921 created sample sample MYK180918035 at 2018-09-18 18:03:20', NULL, NULL, NULL, NULL, NULL, NULL, NULL, NULL, NULL, NULL, '2018-09-18 11:03:20', '2018-09-18 11:03:20'),
(105, 'MYK180918036', '8921', '2018-09-18 18:03:29', 'create', '8921 created sample sample MYK180918036 at 2018-09-18 18:03:29', NULL, NULL, NULL, NULL, NULL, NULL, NULL, NULL, NULL, NULL, '2018-09-18 11:03:29', '2018-09-18 11:03:29'),
(106, 'MYK180918037', '8921', '2018-09-18 18:03:38', 'create', '8921 created sample sample MYK180918037 at 2018-09-18 18:03:38', NULL, NULL, NULL, NULL, NULL, NULL, NULL, NULL, NULL, NULL, '2018-09-18 11:03:38', '2018-09-18 11:03:38'),
(107, 'MYK180918035', '9324', '2018-09-18 18:25:17', 'upload', '9324 uploaded sample result MYK180918035 at 2018-09-18 18:25:17', 1.5600, 5.0462, 0.0101, 1000.0000, 3.1200, 0.4300, 10.1201, 0.1010, 25.6000, 0.1099, '2018-09-18 11:25:17', '2018-09-18 11:25:17'),
(108, 'MYK180918036', '9324', '2018-09-18 18:25:18', 'upload', '9324 uploaded sample result MYK180918036 at 2018-09-18 18:25:18', 1.5700, 5.1644, 0.0101, 1000.0000, 3.0700, 0.6200, 10.0836, 0.1010, 25.6000, 0.1590, '2018-09-18 11:25:18', '2018-09-18 11:25:18'),
(109, 'MYK180918037', '9324', '2018-09-18 18:25:18', 'upload', '9324 uploaded sample result MYK180918037 at 2018-09-18 18:25:18', 0.6100, 5.1860, 0.0101, 1000.0000, 1.1900, 0.3900, 10.1158, 0.1010, 25.6000, 0.0997, '2018-09-18 11:25:18', '2018-09-18 11:25:18'),
(110, 'MYK180918035', '18773', '2018-09-18 18:27:50', 'approve', 'Approved by 18773', NULL, NULL, NULL, NULL, NULL, NULL, NULL, NULL, NULL, NULL, '2018-09-18 11:27:50', '2018-09-18 11:27:50'),
(111, 'MYK180918036', '18773', '2018-09-18 18:27:52', 'approve', 'Approved by 18773', NULL, NULL, NULL, NULL, NULL, NULL, NULL, NULL, NULL, NULL, '2018-09-18 11:27:52', '2018-09-18 11:27:52'),
(112, 'MYK180918037', '18773', '2018-09-18 18:27:55', 'approve', 'Approved by 18773', NULL, NULL, NULL, NULL, NULL, NULL, NULL, NULL, NULL, NULL, '2018-09-18 11:27:55', '2018-09-18 11:27:55'),
(113, 'MYK180918038', '8921', '2018-09-18 19:29:47', 'create', '8921 created sample sample MYK180918038 at 2018-09-18 19:29:47', NULL, NULL, NULL, NULL, NULL, NULL, NULL, NULL, NULL, NULL, '2018-09-18 12:29:47', '2018-09-18 12:29:47'),
(114, 'MYK180918038', '8921', '2018-09-18 19:30:26', 'delete', 'deleted by 8921', NULL, NULL, NULL, NULL, NULL, NULL, NULL, NULL, NULL, NULL, '2018-09-18 12:30:26', '2018-09-18 12:30:26'),
(115, 'MYK180918039', '8921', '2018-09-18 19:30:43', 'create', '8921 created sample sample MYK180918039 at 2018-09-18 19:30:43', NULL, NULL, NULL, NULL, NULL, NULL, NULL, NULL, NULL, NULL, '2018-09-18 12:30:43', '2018-09-18 12:30:43'),
(116, 'MYK180918040', '8921', '2018-09-18 19:30:52', 'create', '8921 created sample sample MYK180918040 at 2018-09-18 19:30:52', NULL, NULL, NULL, NULL, NULL, NULL, NULL, NULL, NULL, NULL, '2018-09-18 12:30:52', '2018-09-18 12:30:52'),
(117, 'MYK180918041', '8921', '2018-09-18 19:31:02', 'create', '8921 created sample sample MYK180918041 at 2018-09-18 19:31:02', NULL, NULL, NULL, NULL, NULL, NULL, NULL, NULL, NULL, NULL, '2018-09-18 12:31:02', '2018-09-18 12:31:02'),
(118, 'MYK180918039', '9324', '2018-09-18 20:52:51', 'duplo', '9324 duplo sample MYK180918039 pv nilai 3.48 ffa nilai 0.0947 at 2018-09-18 20:52:51', NULL, NULL, NULL, NULL, NULL, NULL, NULL, NULL, NULL, NULL, '2018-09-18 13:52:51', '2018-09-18 13:52:51'),
(119, 'MYK180918039', '9324', '2018-09-18 20:52:51', 'upload', '9324 uploaded sample result MYK180918039 at 2018-09-18 20:52:51', 1.8000, 5.1606, 0.0101, 1000.0000, 3.5200, 0.3700, 10.1004, 0.1010, 25.6000, 0.0947, '2018-09-18 13:52:51', '2018-09-18 13:52:51'),
(120, 'MYK180918040', '9324', '2018-09-18 20:52:51', 'upload', '9324 uploaded sample result MYK180918040 at 2018-09-18 20:52:51', 1.5900, 5.2006, 0.0101, 1000.0000, 3.0900, 0.4200, 10.1418, 0.1010, 25.6000, 0.1071, '2018-09-18 13:52:51', '2018-09-18 13:52:51'),
(121, 'MYK180918041', '9324', '2018-09-18 20:52:52', 'upload', '9324 uploaded sample result MYK180918041 at 2018-09-18 20:52:52', 1.2900, 5.0475, 0.0101, 1000.0000, 2.5800, 0.4300, 10.0546, 0.1010, 25.6000, 0.1106, '2018-09-18 13:52:52', '2018-09-18 13:52:52'),
(122, 'MYK180918039', '18773', '2018-09-18 20:54:14', 'reject', 'cek lgi', NULL, NULL, NULL, NULL, NULL, NULL, NULL, NULL, NULL, NULL, '2018-09-18 13:54:14', '2018-09-18 13:54:14'),
(123, 'MYK180918040', '18773', '2018-09-18 20:54:17', 'approve', 'Approved by 18773', NULL, NULL, NULL, NULL, NULL, NULL, NULL, NULL, NULL, NULL, '2018-09-18 13:54:17', '2018-09-18 13:54:17'),
(124, 'MYK180918041', '18773', '2018-09-18 20:54:20', 'approve', 'Approved by 18773', NULL, NULL, NULL, NULL, NULL, NULL, NULL, NULL, NULL, NULL, '2018-09-18 13:54:20', '2018-09-18 13:54:20'),
(125, 'MYK180918039', '9324', '2018-09-18 20:54:55', 'upload', '9324 uploaded sample result MYK180918039 at 2018-09-18 20:54:55', 1.7600, 5.1042, 0.0101, 1000.0000, 3.4800, 0.3700, 10.1004, 0.1010, 25.6000, 0.0947, '2018-09-18 13:54:55', '2018-09-18 13:54:55'),
(126, 'MYK180918039', '9324', '2018-09-18 20:54:55', 'upload', '9324 uploaded sample result MYK180918039 at 2018-09-18 20:54:55', 1.7600, 5.1042, 0.0101, 1000.0000, 3.4800, 0.3700, 10.1004, 0.1010, 25.6000, 0.0947, '2018-09-18 13:54:55', '2018-09-18 13:54:55'),
(127, 'MYK180918039', '9324', '2018-09-18 20:54:55', 'upload', '9324 uploaded sample result MYK180918039 at 2018-09-18 20:54:55', 1.8000, 5.1606, 0.0101, 1000.0000, 3.5200, 0.3700, 10.1004, 0.1010, 25.6000, 0.0947, '2018-09-18 13:54:55', '2018-09-18 13:54:55'),
(128, 'MYK180918039', '9324', '2018-09-18 20:54:55', 'upload', '9324 uploaded sample result MYK180918039 at 2018-09-18 20:54:55', 1.8000, 5.1606, 0.0101, 1000.0000, 3.5200, 0.3700, 10.1004, 0.1010, 25.6000, 0.0947, '2018-09-18 13:54:55', '2018-09-18 13:54:55'),
(129, 'MYK180918039', '9324', '2018-09-18 20:55:08', 'upload', '9324 uploaded sample result MYK180918039 at 2018-09-18 20:55:08', 1.7600, 5.1042, 0.0101, 1000.0000, 3.4800, 0.3700, 10.1004, 0.1010, 25.6000, 0.0947, '2018-09-18 13:55:08', '2018-09-18 13:55:08'),
(130, 'MYK180918039', '9324', '2018-09-18 20:55:08', 'upload', '9324 uploaded sample result MYK180918039 at 2018-09-18 20:55:08', 1.7600, 5.1042, 0.0101, 1000.0000, 3.4800, 0.3700, 10.1004, 0.1010, 25.6000, 0.0947, '2018-09-18 13:55:08', '2018-09-18 13:55:08'),
(131, 'MYK180918039', '9324', '2018-09-18 20:55:08', 'upload', '9324 uploaded sample result MYK180918039 at 2018-09-18 20:55:08', 1.8000, 5.1606, 0.0101, 1000.0000, 3.5200, 0.3700, 10.1004, 0.1010, 25.6000, 0.0947, '2018-09-18 13:55:08', '2018-09-18 13:55:08'),
(132, 'MYK180918039', '9324', '2018-09-18 20:55:08', 'upload', '9324 uploaded sample result MYK180918039 at 2018-09-18 20:55:08', 1.8000, 5.1606, 0.0101, 1000.0000, 3.5200, 0.3700, 10.1004, 0.1010, 25.6000, 0.0947, '2018-09-18 13:55:08', '2018-09-18 13:55:08'),
(133, 'MYK180918042', '8921', '2018-09-18 21:03:22', 'create', '8921 created sample sample MYK180918042 at 2018-09-18 21:03:22', NULL, NULL, NULL, NULL, NULL, NULL, NULL, NULL, NULL, NULL, '2018-09-18 14:03:22', '2018-09-18 14:03:22'),
(134, 'MYK180918043', '8921', '2018-09-18 21:03:28', 'create', '8921 created sample sample MYK180918043 at 2018-09-18 21:03:28', NULL, NULL, NULL, NULL, NULL, NULL, NULL, NULL, NULL, NULL, '2018-09-18 14:03:28', '2018-09-18 14:03:28'),
(135, 'MYK180918044', '8921', '2018-09-18 21:03:34', 'create', '8921 created sample sample MYK180918044 at 2018-09-18 21:03:34', NULL, NULL, NULL, NULL, NULL, NULL, NULL, NULL, NULL, NULL, '2018-09-18 14:03:34', '2018-09-18 14:03:34'),
(136, 'MYK180918039', '18773', '2018-09-18 21:11:35', 'reject', 'cek', NULL, NULL, NULL, NULL, NULL, NULL, NULL, NULL, NULL, NULL, '2018-09-18 14:11:35', '2018-09-18 14:11:35'),
(137, 'MYK180918039', '9324', '2018-09-18 21:26:39', 'upload', '9324 uploaded sample result MYK180918039 at 2018-09-18 21:26:39', 1.7600, 5.1042, 0.0101, 1000.0000, 3.4800, 0.3700, 10.1004, 0.1010, 25.6000, 0.0947, '2018-09-18 14:26:39', '2018-09-18 14:26:39'),
(138, 'MYK180918039', '9324', '2018-09-18 21:26:39', 'upload', '9324 uploaded sample result MYK180918039 at 2018-09-18 21:26:39', 1.7600, 5.1042, 0.0101, 1000.0000, 3.4800, 0.3700, 10.1004, 0.1010, 25.6000, 0.0947, '2018-09-18 14:26:39', '2018-09-18 14:26:39'),
(139, 'MYK180918042', '9324', '2018-09-18 21:26:39', 'upload', '9324 uploaded sample result MYK180918042 at 2018-09-18 21:26:39', 1.7500, 5.1262, 0.0101, 1000.0000, 3.4500, 0.4000, 10.0846, 0.1010, 25.6000, 0.1026, '2018-09-18 14:26:39', '2018-09-18 14:26:39'),
(140, 'MYK180918043', '9324', '2018-09-18 21:26:39', 'upload', '9324 uploaded sample result MYK180918043 at 2018-09-18 21:26:39', 1.3200, 5.1806, 0.0101, 1000.0000, 2.5700, 0.4800, 10.1002, 0.1010, 25.6000, 0.1229, '2018-09-18 14:26:39', '2018-09-18 14:26:39'),
(141, 'MYK180918044', '9324', '2018-09-18 21:26:39', 'upload', '9324 uploaded sample result MYK180918044 at 2018-09-18 21:26:39', 1.3500, 5.1064, 0.0101, 1000.0000, 2.6700, 0.5200, 10.1062, 0.1010, 25.6000, 0.1330, '2018-09-18 14:26:39', '2018-09-18 14:26:39'),
(142, 'MYK180918039', '9324', '2018-09-18 21:26:48', 'upload', '9324 uploaded sample result MYK180918039 at 2018-09-18 21:26:48', 1.7600, 5.1042, 0.0101, 1000.0000, 3.4800, 0.3700, 10.1004, 0.1010, 25.6000, 0.0947, '2018-09-18 14:26:48', '2018-09-18 14:26:48'),
(143, 'MYK180918039', '9324', '2018-09-18 21:26:48', 'upload', '9324 uploaded sample result MYK180918039 at 2018-09-18 21:26:48', 1.7600, 5.1042, 0.0101, 1000.0000, 3.4800, 0.3700, 10.1004, 0.1010, 25.6000, 0.0947, '2018-09-18 14:26:48', '2018-09-18 14:26:48'),
(144, 'MYK180918042', '9324', '2018-09-18 21:26:48', 'upload', '9324 uploaded sample result MYK180918042 at 2018-09-18 21:26:48', 1.7500, 5.1262, 0.0101, 1000.0000, 3.4500, 0.4000, 10.0846, 0.1010, 25.6000, 0.1026, '2018-09-18 14:26:48', '2018-09-18 14:26:48'),
(145, 'MYK180918043', '9324', '2018-09-18 21:26:49', 'upload', '9324 uploaded sample result MYK180918043 at 2018-09-18 21:26:49', 1.3200, 5.1806, 0.0101, 1000.0000, 2.5700, 0.4800, 10.1002, 0.1010, 25.6000, 0.1229, '2018-09-18 14:26:49', '2018-09-18 14:26:49'),
(146, 'MYK180918044', '9324', '2018-09-18 21:26:49', 'upload', '9324 uploaded sample result MYK180918044 at 2018-09-18 21:26:49', 1.3500, 5.1064, 0.0101, 1000.0000, 2.6700, 0.5200, 10.1062, 0.1010, 25.6000, 0.1330, '2018-09-18 14:26:49', '2018-09-18 14:26:49'),
(147, 'MYK180918039', '18773', '2018-09-18 21:28:26', 'approve', 'Approved by 18773', NULL, NULL, NULL, NULL, NULL, NULL, NULL, NULL, NULL, NULL, '2018-09-18 14:28:26', '2018-09-18 14:28:26'),
(148, 'MYK180918042', '18773', '2018-09-18 21:28:29', 'approve', 'Approved by 18773', NULL, NULL, NULL, NULL, NULL, NULL, NULL, NULL, NULL, NULL, '2018-09-18 14:28:29', '2018-09-18 14:28:29'),
(149, 'MYK180918043', '18773', '2018-09-18 21:28:31', 'approve', 'Approved by 18773', NULL, NULL, NULL, NULL, NULL, NULL, NULL, NULL, NULL, NULL, '2018-09-18 14:28:31', '2018-09-18 14:28:31'),
(150, 'MYK180918044', '18773', '2018-09-18 21:28:33', 'approve', 'Approved by 18773', NULL, NULL, NULL, NULL, NULL, NULL, NULL, NULL, NULL, NULL, '2018-09-18 14:28:33', '2018-09-18 14:28:33'),
(151, 'MYK180918045', '8921', '2018-09-18 22:35:51', 'create', '8921 created sample sample MYK180918045 at 2018-09-18 22:35:51', NULL, NULL, NULL, NULL, NULL, NULL, NULL, NULL, NULL, NULL, '2018-09-18 15:35:51', '2018-09-18 15:35:51'),
(152, 'MYK180918046', '8921', '2018-09-18 22:36:01', 'create', '8921 created sample sample MYK180918046 at 2018-09-18 22:36:01', NULL, NULL, NULL, NULL, NULL, NULL, NULL, NULL, NULL, NULL, '2018-09-18 15:36:01', '2018-09-18 15:36:01'),
(153, 'MYK180918047', '8921', '2018-09-18 22:36:08', 'create', '8921 created sample sample MYK180918047 at 2018-09-18 22:36:08', NULL, NULL, NULL, NULL, NULL, NULL, NULL, NULL, NULL, NULL, '2018-09-18 15:36:08', '2018-09-18 15:36:08'),
(154, 'MYK180918045', '9324', '2018-09-18 22:48:55', 'upload', '9324 uploaded sample result MYK180918045 at 2018-09-18 22:48:55', 1.9700, 5.0664, 0.0101, 1000.0000, 3.9300, 0.4700, 10.1984, 0.1010, 25.6000, 0.1192, '2018-09-18 15:48:55', '2018-09-18 15:48:55'),
(155, 'MYK180918046', '9324', '2018-09-18 22:48:55', 'upload', '9324 uploaded sample result MYK180918046 at 2018-09-18 22:48:55', 1.2200, 5.1611, 0.0101, 1000.0000, 2.3900, 0.4100, 10.0518, 0.1010, 25.6000, 0.1055, '2018-09-18 15:48:55', '2018-09-18 15:48:55'),
(156, 'MYK180918047', '9324', '2018-09-18 22:48:55', 'upload', '9324 uploaded sample result MYK180918047 at 2018-09-18 22:48:55', 1.3500, 5.1220, 0.0101, 1000.0000, 2.6600, 0.4000, 10.0631, 0.1010, 25.6000, 0.1028, '2018-09-18 15:48:55', '2018-09-18 15:48:55'),
(157, 'MYK180918045', '18773', '2018-09-18 22:50:00', 'approve', 'Approved by 18773', NULL, NULL, NULL, NULL, NULL, NULL, NULL, NULL, NULL, NULL, '2018-09-18 15:50:00', '2018-09-18 15:50:00'),
(158, 'MYK180918046', '18773', '2018-09-18 22:50:03', 'approve', 'Approved by 18773', NULL, NULL, NULL, NULL, NULL, NULL, NULL, NULL, NULL, NULL, '2018-09-18 15:50:03', '2018-09-18 15:50:03'),
(159, 'MYK180918047', '18773', '2018-09-18 22:50:06', 'approve', 'Approved by 18773', NULL, NULL, NULL, NULL, NULL, NULL, NULL, NULL, NULL, NULL, '2018-09-18 15:50:06', '2018-09-18 15:50:06'),
(160, 'MYK180919048', '8848', '2018-09-19 10:13:28', 'create', '8848 created sample sample MYK180919048 at 2018-09-19 10:13:28', NULL, NULL, NULL, NULL, NULL, NULL, NULL, NULL, NULL, NULL, '2018-09-19 03:13:28', '2018-09-19 03:13:28'),
(161, 'MYK180919049', '8848', '2018-09-19 10:14:06', 'create', '8848 created sample sample MYK180919049 at 2018-09-19 10:14:06', NULL, NULL, NULL, NULL, NULL, NULL, NULL, NULL, NULL, NULL, '2018-09-19 03:14:06', '2018-09-19 03:14:06'),
(162, 'MYK180919050', '8921', '2018-09-19 10:16:24', 'create', '8921 created sample sample MYK180919050 at 2018-09-19 10:16:24', NULL, NULL, NULL, NULL, NULL, NULL, NULL, NULL, NULL, NULL, '2018-09-19 03:16:24', '2018-09-19 03:16:24'),
(163, 'MYK180919051', '8921', '2018-09-19 10:16:32', 'create', '8921 created sample sample MYK180919051 at 2018-09-19 10:16:32', NULL, NULL, NULL, NULL, NULL, NULL, NULL, NULL, NULL, NULL, '2018-09-19 03:16:32', '2018-09-19 03:16:32'),
(164, 'MYK180919052', '8921', '2018-09-19 10:16:39', 'create', '8921 created sample sample MYK180919052 at 2018-09-19 10:16:39', NULL, NULL, NULL, NULL, NULL, NULL, NULL, NULL, NULL, NULL, '2018-09-19 03:16:39', '2018-09-19 03:16:39'),
(165, 'MYK180919053', '8921', '2018-09-19 10:16:48', 'create', '8921 created sample sample MYK180919053 at 2018-09-19 10:16:48', NULL, NULL, NULL, NULL, NULL, NULL, NULL, NULL, NULL, NULL, '2018-09-19 03:16:48', '2018-09-19 03:16:48'),
(166, 'MYK180919054', '8921', '2018-09-19 10:16:55', 'create', '8921 created sample sample MYK180919054 at 2018-09-19 10:16:55', NULL, NULL, NULL, NULL, NULL, NULL, NULL, NULL, NULL, NULL, '2018-09-19 03:16:55', '2018-09-19 03:16:55'),
(167, 'MYK180919055', '8921', '2018-09-19 10:17:02', 'create', '8921 created sample sample MYK180919055 at 2018-09-19 10:17:02', NULL, NULL, NULL, NULL, NULL, NULL, NULL, NULL, NULL, NULL, '2018-09-19 03:17:02', '2018-09-19 03:17:02'),
(168, 'MYK180919056', '8921', '2018-09-19 10:17:30', 'create', '8921 created sample sample MYK180919056 at 2018-09-19 10:17:30', NULL, NULL, NULL, NULL, NULL, NULL, NULL, NULL, NULL, NULL, '2018-09-19 03:17:30', '2018-09-19 03:17:30'),
(169, 'MYK180919057', '8921', '2018-09-19 10:17:35', 'create', '8921 created sample sample MYK180919057 at 2018-09-19 10:17:35', NULL, NULL, NULL, NULL, NULL, NULL, NULL, NULL, NULL, NULL, '2018-09-19 03:17:35', '2018-09-19 03:17:35'),
(170, 'MYK180919058', '8921', '2018-09-19 10:17:40', 'create', '8921 created sample sample MYK180919058 at 2018-09-19 10:17:40', NULL, NULL, NULL, NULL, NULL, NULL, NULL, NULL, NULL, NULL, '2018-09-19 03:17:40', '2018-09-19 03:17:40'),
(171, 'MYK180919048', '11316', '2018-09-19 10:19:21', 'duplo', '11316 duplo sample MYK180919048 pv nilai 3.25 ffa nilai 0.0997 at 2018-09-19 10:19:21', NULL, NULL, NULL, NULL, NULL, NULL, NULL, NULL, NULL, NULL, '2018-09-19 03:19:21', '2018-09-19 03:19:21'),
(172, 'MYK180919048', '11316', '2018-09-19 10:19:21', 'upload', '11316 uploaded sample result MYK180919048 at 2018-09-19 10:19:21', 1.6800, 5.0940, 0.0101, 1000.0000, 3.3300, 0.3900, 10.1095, 0.1010, 25.6000, 0.0997, '2018-09-19 03:19:21', '2018-09-19 03:19:21'),
(173, 'MYK180919049', '11316', '2018-09-19 10:19:22', 'upload', '11316 uploaded sample result MYK180919049 at 2018-09-19 10:19:22', 1.7900, 5.0944, 0.0101, 1000.0000, 3.5500, 0.4200, 10.0673, 0.1010, 25.6000, 0.1079, '2018-09-19 03:19:22', '2018-09-19 03:19:22'),
(174, 'MYK180919048', '16245', '2018-09-19 10:21:22', 'approve', 'Approved by 16245', NULL, NULL, NULL, NULL, NULL, NULL, NULL, NULL, NULL, NULL, '2018-09-19 03:21:22', '2018-09-19 03:21:22'),
(175, 'MYK180919049', '16245', '2018-09-19 10:21:49', 'approve', 'Approved by 16245', NULL, NULL, NULL, NULL, NULL, NULL, NULL, NULL, NULL, NULL, '2018-09-19 03:21:49', '2018-09-19 03:21:49'),
(176, 'MYK180919059', '8921', '2018-09-19 10:23:43', 'create', '8921 created sample sample MYK180919059 at 2018-09-19 10:23:43', NULL, NULL, NULL, NULL, NULL, NULL, NULL, NULL, NULL, NULL, '2018-09-19 03:23:43', '2018-09-19 03:23:43'),
(177, 'MYK180919059', '11316', '2018-09-19 11:07:25', 'upload', '11316 uploaded sample result MYK180919059 at 2018-09-19 11:07:25', 0.2500, 5.0515, 0.0101, 1000.0000, 0.5000, 1.1200, 56.4258, 0.1010, 25.6000, 0.0513, '2018-09-19 04:07:25', '2018-09-19 04:07:25'),
(178, 'MYK180919050', '11316', '2018-09-19 11:07:26', 'upload', '11316 uploaded sample result MYK180919050 at 2018-09-19 11:07:26', 1.7200, 5.0005, 0.0101, 1000.0000, 3.4700, 0.3400, 10.0773, 0.1010, 25.6000, 0.0872, '2018-09-19 04:07:26', '2018-09-19 04:07:26'),
(179, 'MYK180919053', '11316', '2018-09-19 11:07:26', 'upload', '11316 uploaded sample result MYK180919053 at 2018-09-19 11:07:26', 2.1000, 5.1702, 0.0101, 1000.0000, 4.1000, 0.3500, 10.0377, 0.1010, 25.6000, 0.0902, '2018-09-19 04:07:26', '2018-09-19 04:07:26'),
(180, 'MYK180919056', '11316', '2018-09-19 11:07:26', 'upload', '11316 uploaded sample result MYK180919056 at 2018-09-19 11:07:26', 1.4200, 5.0721, 0.0101, 1000.0000, 2.8300, 0.3600, 10.0028, 0.1010, 25.6000, 0.0931, '2018-09-19 04:07:26', '2018-09-19 04:07:26'),
(181, 'MYK180919052', '11316', '2018-09-19 11:07:27', 'upload', '11316 uploaded sample result MYK180919052 at 2018-09-19 11:07:27', 2.0800, 5.0062, 0.0101, 1000.0000, 4.2000, 2.0800, 10.0509, 0.1010, 25.6000, 0.5351, '2018-09-19 04:07:27', '2018-09-19 04:07:27'),
(182, 'MYK180919051', '11316', '2018-09-19 11:07:27', 'upload', '11316 uploaded sample result MYK180919051 at 2018-09-19 11:07:27', 1.8200, 5.1717, 0.0101, 1000.0000, 3.5500, 0.4000, 10.1778, 0.1010, 25.6000, 0.1016, '2018-09-19 04:07:27', '2018-09-19 04:07:27'),
(183, 'MYK180919057', '11316', '2018-09-19 11:07:27', 'upload', '11316 uploaded sample result MYK180919057 at 2018-09-19 11:07:27', 2.1600, 5.0578, 0.0101, 1000.0000, 4.3100, 0.4000, 10.0829, 0.1010, 25.6000, 0.1026, '2018-09-19 04:07:27', '2018-09-19 04:07:27'),
(184, 'MYK180919053', '16245', '2018-09-19 11:11:15', 'reject', 'ulang lagi', NULL, NULL, NULL, NULL, NULL, NULL, NULL, NULL, NULL, NULL, '2018-09-19 04:11:15', '2018-09-19 04:11:15'),
(185, 'MYK180919052', '16245', '2018-09-19 11:11:53', 'reject', 'cek lagi', NULL, NULL, NULL, NULL, NULL, NULL, NULL, NULL, NULL, NULL, '2018-09-19 04:11:53', '2018-09-19 04:11:53'),
(186, 'MYK180919051', '16245', '2018-09-19 11:12:28', 'reject', 'ulang', NULL, NULL, NULL, NULL, NULL, NULL, NULL, NULL, NULL, NULL, '2018-09-19 04:12:28', '2018-09-19 04:12:28'),
(187, 'MYK180919059', '16245', '2018-09-19 11:12:46', 'approve', 'Approved by 16245', NULL, NULL, NULL, NULL, NULL, NULL, NULL, NULL, NULL, NULL, '2018-09-19 04:12:46', '2018-09-19 04:12:46'),
(188, 'MYK180919057', '16245', '2018-09-19 11:12:50', 'approve', 'Approved by 16245', NULL, NULL, NULL, NULL, NULL, NULL, NULL, NULL, NULL, NULL, '2018-09-19 04:12:50', '2018-09-19 04:12:50'),
(189, 'MYK180919056', '16245', '2018-09-19 11:12:53', 'approve', 'Approved by 16245', NULL, NULL, NULL, NULL, NULL, NULL, NULL, NULL, NULL, NULL, '2018-09-19 04:12:53', '2018-09-19 04:12:53'),
(190, 'MYK180919050', '16245', '2018-09-19 11:12:56', 'approve', 'Approved by 16245', NULL, NULL, NULL, NULL, NULL, NULL, NULL, NULL, NULL, NULL, '2018-09-19 04:12:56', '2018-09-19 04:12:56'),
(191, 'MYK180919053', '11316', '2018-09-19 11:17:30', 'duplo', '11316 duplo sample MYK180919053 pv nilai 2.96 ffa nilai 0.0902 at 2018-09-19 11:17:30', NULL, NULL, NULL, NULL, NULL, NULL, NULL, NULL, NULL, NULL, '2018-09-19 04:17:30', '2018-09-19 04:17:30'),
(192, 'MYK180919053', '11316', '2018-09-19 11:17:30', 'duplo', '11316 duplo sample MYK180919053 pv nilai 3.08 ffa nilai 0.0902 at 2018-09-19 11:17:30', NULL, NULL, NULL, NULL, NULL, NULL, NULL, NULL, NULL, NULL, '2018-09-19 04:17:30', '2018-09-19 04:17:30'),
(193, 'MYK180919053', '11316', '2018-09-19 11:17:30', 'upload', '11316 uploaded sample result MYK180919053 at 2018-09-19 11:17:30', 2.1000, 5.1702, 0.0101, 1000.0000, 4.1000, 0.3500, 10.0377, 0.1010, 25.6000, 0.0902, '2018-09-19 04:17:30', '2018-09-19 04:17:30'),
(194, 'MYK180919052', '11316', '2018-09-19 11:17:31', 'upload', '11316 uploaded sample result MYK180919052 at 2018-09-19 11:17:31', 2.0800, 5.0062, 0.0101, 1000.0000, 4.2000, 0.4000, 10.0509, 0.1010, 25.6000, 0.1029, '2018-09-19 04:17:31', '2018-09-19 04:17:31'),
(195, 'MYK180919051', '11316', '2018-09-19 11:17:31', 'upload', '11316 uploaded sample result MYK180919051 at 2018-09-19 11:17:31', 1.8200, 5.1717, 0.0101, 1000.0000, 3.5500, 0.4000, 10.1778, 0.1010, 25.6000, 0.1016, '2018-09-19 04:17:31', '2018-09-19 04:17:31'),
(196, 'MYK180919051', '16245', '2018-09-19 11:19:44', 'approve', 'Approved by 16245', NULL, NULL, NULL, NULL, NULL, NULL, NULL, NULL, NULL, NULL, '2018-09-19 04:19:44', '2018-09-19 04:19:44'),
(197, 'MYK180919052', '16245', '2018-09-19 11:19:53', 'approve', 'Approved by 16245', NULL, NULL, NULL, NULL, NULL, NULL, NULL, NULL, NULL, NULL, '2018-09-19 04:19:53', '2018-09-19 04:19:53'),
(198, 'MYK180919053', '16245', '2018-09-19 11:21:37', 'approve', 'Approved by 16245', NULL, NULL, NULL, NULL, NULL, NULL, NULL, NULL, NULL, NULL, '2018-09-19 04:21:37', '2018-09-19 04:21:37'),
(199, 'MYK180919060', '8921', '2018-09-19 11:23:00', 'create', '8921 created sample sample MYK180919060 at 2018-09-19 11:23:00', NULL, NULL, NULL, NULL, NULL, NULL, NULL, NULL, NULL, NULL, '2018-09-19 04:23:00', '2018-09-19 04:23:00'),
(200, 'MYK180919061', '8921', '2018-09-19 11:26:07', 'create', '8921 created sample sample MYK180919061 at 2018-09-19 11:26:07', NULL, NULL, NULL, NULL, NULL, NULL, NULL, NULL, NULL, NULL, '2018-09-19 04:26:07', '2018-09-19 04:26:07'),
(201, 'MYK180919062', '8921', '2018-09-19 11:26:14', 'create', '8921 created sample sample MYK180919062 at 2018-09-19 11:26:14', NULL, NULL, NULL, NULL, NULL, NULL, NULL, NULL, NULL, NULL, '2018-09-19 04:26:14', '2018-09-19 04:26:14'),
(202, 'MYK180919063', '8921', '2018-09-19 11:26:22', 'create', '8921 created sample sample MYK180919063 at 2018-09-19 11:26:22', NULL, NULL, NULL, NULL, NULL, NULL, NULL, NULL, NULL, NULL, '2018-09-19 04:26:22', '2018-09-19 04:26:22'),
(203, 'MYK180919064', '8921', '2018-09-19 11:26:29', 'create', '8921 created sample sample MYK180919064 at 2018-09-19 11:26:29', NULL, NULL, NULL, NULL, NULL, NULL, NULL, NULL, NULL, NULL, '2018-09-19 04:26:29', '2018-09-19 04:26:29'),
(204, 'MYK180919065', '8921', '2018-09-19 11:26:47', 'create', '8921 created sample sample MYK180919065 at 2018-09-19 11:26:47', NULL, NULL, NULL, NULL, NULL, NULL, NULL, NULL, NULL, NULL, '2018-09-19 04:26:47', '2018-09-19 04:26:47'),
(205, 'MYK180919066', '8921', '2018-09-19 11:26:55', 'create', '8921 created sample sample MYK180919066 at 2018-09-19 11:26:55', NULL, NULL, NULL, NULL, NULL, NULL, NULL, NULL, NULL, NULL, '2018-09-19 04:26:55', '2018-09-19 04:26:55'),
(206, 'MYK180919067', '8921', '2018-09-19 11:27:06', 'create', '8921 created sample sample MYK180919067 at 2018-09-19 11:27:06', NULL, NULL, NULL, NULL, NULL, NULL, NULL, NULL, NULL, NULL, '2018-09-19 04:27:06', '2018-09-19 04:27:06'),
(207, 'MYK180919068', '8921', '2018-09-19 11:27:12', 'create', '8921 created sample sample MYK180919068 at 2018-09-19 11:27:12', NULL, NULL, NULL, NULL, NULL, NULL, NULL, NULL, NULL, NULL, '2018-09-19 04:27:12', '2018-09-19 04:27:12'),
(208, 'MYK180919069', '8921', '2018-09-19 11:27:19', 'create', '8921 created sample sample MYK180919069 at 2018-09-19 11:27:19', NULL, NULL, NULL, NULL, NULL, NULL, NULL, NULL, NULL, NULL, '2018-09-19 04:27:19', '2018-09-19 04:27:19'),
(209, 'MYK180919061', '11316', '2018-09-19 14:15:29', 'upload', '11316 uploaded sample result MYK180919061 at 2018-09-19 14:15:29', 1.3200, 5.1558, 0.0101, 1000.0000, 2.5900, 0.4300, 10.1622, 0.1010, 25.6000, 0.1094, '2018-09-19 07:15:29', '2018-09-19 07:15:29'),
(210, 'MYK180919064', '11316', '2018-09-19 14:15:29', 'upload', '11316 uploaded sample result MYK180919064 at 2018-09-19 14:15:29', 1.9200, 5.0210, 0.0101, 1000.0000, 3.8600, 0.4900, 10.1116, 0.1010, 25.6000, 0.1253, '2018-09-19 07:15:29', '2018-09-19 07:15:29'),
(211, 'MYK180919061', '16245', '2018-09-19 14:19:21', 'approve', 'Approved by 16245', NULL, NULL, NULL, NULL, NULL, NULL, NULL, NULL, NULL, NULL, '2018-09-19 07:19:21', '2018-09-19 07:19:21'),
(212, 'MYK180919064', '16245', '2018-09-19 14:19:25', 'approve', 'Approved by 16245', NULL, NULL, NULL, NULL, NULL, NULL, NULL, NULL, NULL, NULL, '2018-09-19 07:19:25', '2018-09-19 07:19:25'),
(213, 'MYK180919061', '20186', '2018-09-19 14:20:08', 'approve', 'Approved by 20186', NULL, NULL, NULL, NULL, NULL, NULL, NULL, NULL, NULL, NULL, '2018-09-19 07:20:08', '2018-09-19 07:20:08'),
(214, 'MYK180919070', '8848', '2018-09-19 16:16:12', 'create', '8848 created sample sample MYK180919070 at 2018-09-19 16:16:12', NULL, NULL, NULL, NULL, NULL, NULL, NULL, NULL, NULL, NULL, '2018-09-19 09:16:12', '2018-09-19 09:16:12'),
(215, 'MYK180919071', '8848', '2018-09-19 16:16:26', 'create', '8848 created sample sample MYK180919071 at 2018-09-19 16:16:26', NULL, NULL, NULL, NULL, NULL, NULL, NULL, NULL, NULL, NULL, '2018-09-19 09:16:26', '2018-09-19 09:16:26'),
(216, 'MYK180919072', '8848', '2018-09-19 16:16:36', 'create', '8848 created sample sample MYK180919072 at 2018-09-19 16:16:36', NULL, NULL, NULL, NULL, NULL, NULL, NULL, NULL, NULL, NULL, '2018-09-19 09:16:36', '2018-09-19 09:16:36');
INSERT INTO `log_sample_minyak` (`id`, `sample_id`, `nik`, `log_time`, `action`, `keterangan`, `volume_titrasi_pv`, `bobot_sample_pv`, `normalitas_pv`, `faktor_pv`, `nilai_pv`, `volume_titrasi_ffa`, `bobot_sample_ffa`, `normalitas_ffa`, `faktor_ffa`, `nilai_ffa`, `created_at`, `updated_at`) VALUES
(217, 'MYK180919073', '8848', '2018-09-19 16:16:50', 'create', '8848 created sample sample MYK180919073 at 2018-09-19 16:16:50', NULL, NULL, NULL, NULL, NULL, NULL, NULL, NULL, NULL, NULL, '2018-09-19 09:16:50', '2018-09-19 09:16:50'),
(218, 'MYK180919074', '8848', '2018-09-19 16:17:28', 'create', '8848 created sample sample MYK180919074 at 2018-09-19 16:17:28', NULL, NULL, NULL, NULL, NULL, NULL, NULL, NULL, NULL, NULL, '2018-09-19 09:17:28', '2018-09-19 09:17:28'),
(219, 'MYK180919075', '8848', '2018-09-19 16:17:36', 'create', '8848 created sample sample MYK180919075 at 2018-09-19 16:17:36', NULL, NULL, NULL, NULL, NULL, NULL, NULL, NULL, NULL, NULL, '2018-09-19 09:17:36', '2018-09-19 09:17:36'),
(220, 'MYK180919076', '8848', '2018-09-19 16:17:49', 'create', '8848 created sample sample MYK180919076 at 2018-09-19 16:17:49', NULL, NULL, NULL, NULL, NULL, NULL, NULL, NULL, NULL, NULL, '2018-09-19 09:17:49', '2018-09-19 09:17:49'),
(221, 'MYK180919077', '8848', '2018-09-19 16:18:08', 'create', '8848 created sample sample MYK180919077 at 2018-09-19 16:18:08', NULL, NULL, NULL, NULL, NULL, NULL, NULL, NULL, NULL, NULL, '2018-09-19 09:18:08', '2018-09-19 09:18:08'),
(222, 'MYK180919078', '8848', '2018-09-19 16:21:06', 'create', '8848 created sample sample MYK180919078 at 2018-09-19 16:21:06', NULL, NULL, NULL, NULL, NULL, NULL, NULL, NULL, NULL, NULL, '2018-09-19 09:21:06', '2018-09-19 09:21:06'),
(223, 'MYK180919079', '8848', '2018-09-19 16:21:19', 'create', '8848 created sample sample MYK180919079 at 2018-09-19 16:21:19', NULL, NULL, NULL, NULL, NULL, NULL, NULL, NULL, NULL, NULL, '2018-09-19 09:21:19', '2018-09-19 09:21:19'),
(224, 'MYK180919078', '8848', '2018-09-19 16:22:36', 'delete', 'deleted by 8848', NULL, NULL, NULL, NULL, NULL, NULL, NULL, NULL, NULL, NULL, '2018-09-19 09:22:36', '2018-09-19 09:22:36'),
(225, 'MYK180919070', '8848', '2018-09-19 16:22:40', 'delete', 'deleted by 8848', NULL, NULL, NULL, NULL, NULL, NULL, NULL, NULL, NULL, NULL, '2018-09-19 09:22:40', '2018-09-19 09:22:40'),
(226, 'MYK180919071', '8848', '2018-09-19 16:22:43', 'delete', 'deleted by 8848', NULL, NULL, NULL, NULL, NULL, NULL, NULL, NULL, NULL, NULL, '2018-09-19 09:22:43', '2018-09-19 09:22:43'),
(227, 'MYK180919073', '8848', '2018-09-19 16:22:49', 'delete', 'deleted by 8848', NULL, NULL, NULL, NULL, NULL, NULL, NULL, NULL, NULL, NULL, '2018-09-19 09:22:49', '2018-09-19 09:22:49'),
(228, 'MYK180919072', '8848', '2018-09-19 16:22:53', 'delete', 'deleted by 8848', NULL, NULL, NULL, NULL, NULL, NULL, NULL, NULL, NULL, NULL, '2018-09-19 09:22:53', '2018-09-19 09:22:53'),
(229, 'MYK180919079', '8848', '2018-09-19 16:22:58', 'delete', 'deleted by 8848', NULL, NULL, NULL, NULL, NULL, NULL, NULL, NULL, NULL, NULL, '2018-09-19 09:22:58', '2018-09-19 09:22:58'),
(230, 'MYK180920080', '8848', '2018-09-20 11:24:58', 'create', '8848 created sample sample MYK180920080 at 2018-09-20 11:24:58', NULL, NULL, NULL, NULL, NULL, NULL, NULL, NULL, NULL, NULL, '2018-09-20 04:24:58', '2018-09-20 04:24:58'),
(231, 'MYK180920081', '8848', '2018-09-20 11:25:07', 'create', '8848 created sample sample MYK180920081 at 2018-09-20 11:25:07', NULL, NULL, NULL, NULL, NULL, NULL, NULL, NULL, NULL, NULL, '2018-09-20 04:25:07', '2018-09-20 04:25:07'),
(232, 'MYK180920082', '8848', '2018-09-20 11:25:15', 'create', '8848 created sample sample MYK180920082 at 2018-09-20 11:25:15', NULL, NULL, NULL, NULL, NULL, NULL, NULL, NULL, NULL, NULL, '2018-09-20 04:25:15', '2018-09-20 04:25:15'),
(233, 'MYK180920083', '8848', '2018-09-20 11:25:23', 'create', '8848 created sample sample MYK180920083 at 2018-09-20 11:25:23', NULL, NULL, NULL, NULL, NULL, NULL, NULL, NULL, NULL, NULL, '2018-09-20 04:25:23', '2018-09-20 04:25:23'),
(234, 'MYK180920084', '8848', '2018-09-20 11:25:31', 'create', '8848 created sample sample MYK180920084 at 2018-09-20 11:25:31', NULL, NULL, NULL, NULL, NULL, NULL, NULL, NULL, NULL, NULL, '2018-09-20 04:25:31', '2018-09-20 04:25:31'),
(235, 'MYK180920080', '11316', '2018-09-20 11:35:52', 'duplo', '11316 duplo sample MYK180920080 pv nilai 3.32 ffa nilai 0.2062 at 2018-09-20 11:35:52', NULL, NULL, NULL, NULL, NULL, NULL, NULL, NULL, NULL, NULL, '2018-09-20 04:35:52', '2018-09-20 04:35:52'),
(236, 'MYK180920080', '11316', '2018-09-20 11:35:52', 'duplo', '11316 duplo sample MYK180920080 pv nilai 3.61 ffa nilai 0.2062 at 2018-09-20 11:35:52', NULL, NULL, NULL, NULL, NULL, NULL, NULL, NULL, NULL, NULL, '2018-09-20 04:35:52', '2018-09-20 04:35:52'),
(237, 'MYK180920080', '11316', '2018-09-20 11:35:52', 'upload', '11316 uploaded sample result MYK180920080 at 2018-09-20 11:35:52', 1.6000, 5.0213, 0.0101, 1000.0000, 3.2200, 0.8000, 10.0328, 0.1010, 25.6000, 0.2062, '2018-09-20 04:35:52', '2018-09-20 04:35:52'),
(238, 'MYK180920080', '16245', '2018-09-20 11:37:56', 'reject', 'coba cek', NULL, NULL, NULL, NULL, NULL, NULL, NULL, NULL, NULL, NULL, '2018-09-20 04:37:56', '2018-09-20 04:37:56'),
(239, 'MYK180920080', '11316', '2018-09-20 11:41:17', 'upload', '11316 uploaded sample result MYK180920080 at 2018-09-20 11:41:17', 1.8000, 5.0348, 0.0101, 1000.0000, 3.6100, 0.8000, 10.0328, 0.1010, 25.6000, 0.2062, '2018-09-20 04:41:17', '2018-09-20 04:41:17'),
(240, 'MYK180920080', '11316', '2018-09-20 11:41:17', 'upload', '11316 uploaded sample result MYK180920080 at 2018-09-20 11:41:17', 1.8000, 5.0348, 0.0101, 1000.0000, 3.6100, 0.8000, 10.0328, 0.1010, 25.6000, 0.2062, '2018-09-20 04:41:17', '2018-09-20 04:41:17'),
(241, 'MYK180920080', '11316', '2018-09-20 11:41:17', 'upload', '11316 uploaded sample result MYK180920080 at 2018-09-20 11:41:17', 1.8000, 5.0348, 0.0101, 1000.0000, 3.6100, 0.8000, 10.0328, 0.1010, 25.6000, 0.2062, '2018-09-20 04:41:17', '2018-09-20 04:41:17'),
(242, 'MYK180920080', '11316', '2018-09-20 11:41:17', 'upload', '11316 uploaded sample result MYK180920080 at 2018-09-20 11:41:17', 1.6500, 5.0248, 0.0101, 1000.0000, 3.3200, 0.8000, 10.0328, 0.1010, 25.6000, 0.2062, '2018-09-20 04:41:17', '2018-09-20 04:41:17'),
(243, 'MYK180920080', '11316', '2018-09-20 11:41:17', 'upload', '11316 uploaded sample result MYK180920080 at 2018-09-20 11:41:17', 1.6500, 5.0248, 0.0101, 1000.0000, 3.3200, 0.8000, 10.0328, 0.1010, 25.6000, 0.2062, '2018-09-20 04:41:17', '2018-09-20 04:41:17'),
(244, 'MYK180920080', '11316', '2018-09-20 11:41:17', 'upload', '11316 uploaded sample result MYK180920080 at 2018-09-20 11:41:17', 1.6500, 5.0248, 0.0101, 1000.0000, 3.3200, 0.8000, 10.0328, 0.1010, 25.6000, 0.2062, '2018-09-20 04:41:17', '2018-09-20 04:41:17'),
(245, 'MYK180920080', '11316', '2018-09-20 11:41:17', 'upload', '11316 uploaded sample result MYK180920080 at 2018-09-20 11:41:17', 1.6000, 5.0213, 0.0101, 1000.0000, 3.2200, 0.8000, 10.0328, 0.1010, 25.6000, 0.2062, '2018-09-20 04:41:17', '2018-09-20 04:41:17'),
(246, 'MYK180920080', '11316', '2018-09-20 11:41:17', 'upload', '11316 uploaded sample result MYK180920080 at 2018-09-20 11:41:17', 1.6000, 5.0213, 0.0101, 1000.0000, 3.2200, 0.8000, 10.0328, 0.1010, 25.6000, 0.2062, '2018-09-20 04:41:17', '2018-09-20 04:41:17'),
(247, 'MYK180920080', '11316', '2018-09-20 11:41:17', 'upload', '11316 uploaded sample result MYK180920080 at 2018-09-20 11:41:17', 1.6000, 5.0213, 0.0101, 1000.0000, 3.2200, 0.8000, 10.0328, 0.1010, 25.6000, 0.2062, '2018-09-20 04:41:17', '2018-09-20 04:41:17'),
(248, 'MYK180920080', '16245', '2018-09-20 11:42:51', 'approve', 'Approved by 16245', NULL, NULL, NULL, NULL, NULL, NULL, NULL, NULL, NULL, NULL, '2018-09-20 04:42:51', '2018-09-20 04:42:51'),
(249, 'MYK180920081', '11316', '2018-09-20 11:47:00', 'duplo', '11316 duplo sample MYK180920081 pv nilai 3.96 ffa nilai 0.1495 at 2018-09-20 11:47:00', NULL, NULL, NULL, NULL, NULL, NULL, NULL, NULL, NULL, NULL, '2018-09-20 04:47:00', '2018-09-20 04:47:00'),
(250, 'MYK180920081', '11316', '2018-09-20 11:47:00', 'upload', '11316 uploaded sample result MYK180920081 at 2018-09-20 11:47:00', 1.9000, 5.0318, 0.0101, 1000.0000, 3.8100, 0.5800, 10.0325, 0.1010, 25.6000, 0.1495, '2018-09-20 04:47:00', '2018-09-20 04:47:00'),
(251, 'MYK180920081', '16245', '2018-09-20 11:50:03', 'reject', 'coba cek lagi', NULL, NULL, NULL, NULL, NULL, NULL, NULL, NULL, NULL, NULL, '2018-09-20 04:50:03', '2018-09-20 04:50:03'),
(252, 'MYK180920081', '11316', '2018-09-20 11:52:18', 'duplo', '11316 duplo sample MYK180920081 pv nilai 3.78 ffa nilai 0.1495 at 2018-09-20 11:52:18', NULL, NULL, NULL, NULL, NULL, NULL, NULL, NULL, NULL, NULL, '2018-09-20 04:52:18', '2018-09-20 04:52:18'),
(253, 'MYK180920081', '11316', '2018-09-20 11:52:18', 'upload', '11316 uploaded sample result MYK180920081 at 2018-09-20 11:52:18', 1.9800, 5.0483, 0.0101, 1000.0000, 3.9600, 0.5800, 10.0325, 0.1010, 25.6000, 0.1495, '2018-09-20 04:52:18', '2018-09-20 04:52:18'),
(254, 'MYK180920081', '11316', '2018-09-20 11:52:18', 'upload', '11316 uploaded sample result MYK180920081 at 2018-09-20 11:52:18', 1.9800, 5.0483, 0.0101, 1000.0000, 3.9600, 0.5800, 10.0325, 0.1010, 25.6000, 0.1495, '2018-09-20 04:52:18', '2018-09-20 04:52:18'),
(255, 'MYK180920081', '11316', '2018-09-20 11:52:19', 'upload', '11316 uploaded sample result MYK180920081 at 2018-09-20 11:52:19', 1.9000, 5.0318, 0.0101, 1000.0000, 3.8100, 0.5800, 10.0325, 0.1010, 25.6000, 0.1495, '2018-09-20 04:52:19', '2018-09-20 04:52:19'),
(256, 'MYK180920081', '11316', '2018-09-20 11:52:19', 'upload', '11316 uploaded sample result MYK180920081 at 2018-09-20 11:52:19', 1.9000, 5.0318, 0.0101, 1000.0000, 3.8100, 0.5800, 10.0325, 0.1010, 25.6000, 0.1495, '2018-09-20 04:52:19', '2018-09-20 04:52:19'),
(257, 'MYK180920081', '16245', '2018-09-20 11:54:16', 'approve', 'Approved by 16245', NULL, NULL, NULL, NULL, NULL, NULL, NULL, NULL, NULL, NULL, '2018-09-20 04:54:16', '2018-09-20 04:54:16'),
(258, 'MYK180920082', '11316', '2018-09-20 13:19:46', 'upload', '11316 uploaded sample result MYK180920082 at 2018-09-20 13:19:46', 1.8000, 5.0135, 0.0108, 1000.0000, 3.8800, 0.4500, 10.2315, 0.1019, 25.6000, 0.1147, '2018-09-20 06:19:46', '2018-09-20 06:19:46'),
(259, 'MYK180920083', '11316', '2018-09-20 13:19:46', 'upload', '11316 uploaded sample result MYK180920083 at 2018-09-20 13:19:46', 2.5000, 5.2354, 0.0108, 1000.0000, 5.1600, 0.9800, 10.3254, 0.1019, 25.6000, 0.2476, '2018-09-20 06:19:46', '2018-09-20 06:19:46'),
(260, 'MYK180920084', '11316', '2018-09-20 13:19:46', 'upload', '11316 uploaded sample result MYK180920084 at 2018-09-20 13:19:46', 2.3500, 5.0213, 0.0108, 1000.0000, 5.0500, 0.9700, 10.2135, 0.1019, 25.6000, 0.2477, '2018-09-20 06:19:46', '2018-09-20 06:19:46'),
(261, 'MYK180919074', '11316', '2018-09-20 13:19:46', 'upload', '11316 uploaded sample result MYK180919074 at 2018-09-20 13:19:46', 2.1000, 5.1324, 0.0108, 1000.0000, 4.4200, 0.6700, 10.2153, 0.1019, 25.6000, 0.1711, '2018-09-20 06:19:46', '2018-09-20 06:19:46'),
(262, 'MYK180919075', '11316', '2018-09-20 13:19:47', 'upload', '11316 uploaded sample result MYK180919075 at 2018-09-20 13:19:47', 1.6800, 5.1352, 0.0108, 1000.0000, 3.5300, 0.9800, 10.2154, 0.1019, 25.6000, 0.2503, '2018-09-20 06:19:47', '2018-09-20 06:19:47'),
(263, 'MYK180919076', '11316', '2018-09-20 13:19:47', 'upload', '11316 uploaded sample result MYK180919076 at 2018-09-20 13:19:47', 2.8000, 5.2135, 0.0108, 1000.0000, 5.8000, 0.8900, 10.2154, 0.1019, 25.6000, 0.2273, '2018-09-20 06:19:47', '2018-09-20 06:19:47'),
(264, 'MYK180919077', '11316', '2018-09-20 13:19:47', 'upload', '11316 uploaded sample result MYK180919077 at 2018-09-20 13:19:47', 2.1500, 5.2310, 0.0108, 1000.0000, 4.4400, 0.9600, 10.1244, 0.1019, 25.6000, 0.2474, '2018-09-20 06:19:47', '2018-09-20 06:19:47'),
(265, 'MYK180919074', '16245', '2018-09-20 13:22:02', 'approve', 'Approved by 16245', NULL, NULL, NULL, NULL, NULL, NULL, NULL, NULL, NULL, NULL, '2018-09-20 06:22:02', '2018-09-20 06:22:02'),
(266, 'MYK180919075', '16245', '2018-09-20 13:22:09', 'approve', 'Approved by 16245', NULL, NULL, NULL, NULL, NULL, NULL, NULL, NULL, NULL, NULL, '2018-09-20 06:22:09', '2018-09-20 06:22:09'),
(267, 'MYK180919076', '16245', '2018-09-20 13:22:12', 'approve', 'Approved by 16245', NULL, NULL, NULL, NULL, NULL, NULL, NULL, NULL, NULL, NULL, '2018-09-20 06:22:12', '2018-09-20 06:22:12'),
(268, 'MYK180919077', '16245', '2018-09-20 13:22:18', 'approve', 'Approved by 16245', NULL, NULL, NULL, NULL, NULL, NULL, NULL, NULL, NULL, NULL, '2018-09-20 06:22:18', '2018-09-20 06:22:18'),
(269, 'MYK180920082', '16245', '2018-09-20 13:22:43', 'approve', 'Approved by 16245', NULL, NULL, NULL, NULL, NULL, NULL, NULL, NULL, NULL, NULL, '2018-09-20 06:22:43', '2018-09-20 06:22:43'),
(270, 'MYK180920083', '16245', '2018-09-20 13:22:49', 'approve', 'Approved by 16245', NULL, NULL, NULL, NULL, NULL, NULL, NULL, NULL, NULL, NULL, '2018-09-20 06:22:49', '2018-09-20 06:22:49'),
(271, 'MYK180920084', '16245', '2018-09-20 13:22:52', 'approve', 'Approved by 16245', NULL, NULL, NULL, NULL, NULL, NULL, NULL, NULL, NULL, NULL, '2018-09-20 06:22:52', '2018-09-20 06:22:52'),
(272, 'MYK180920085', '8848', '2018-09-20 14:39:09', 'create', '8848 created sample sample MYK180920085 at 2018-09-20 14:39:09', NULL, NULL, NULL, NULL, NULL, NULL, NULL, NULL, NULL, NULL, '2018-09-20 07:39:09', '2018-09-20 07:39:09'),
(273, 'MYK180920085', '11316', '2018-09-20 14:40:32', 'duplo', '11316 duplo sample MYK180920085 pv nilai 3.40 ffa nilai 0.2266 at 2018-09-20 14:40:32', NULL, NULL, NULL, NULL, NULL, NULL, NULL, NULL, NULL, NULL, '2018-09-20 07:40:32', '2018-09-20 07:40:32'),
(274, 'MYK180920085', '11316', '2018-09-20 14:40:32', 'upload', '11316 uploaded sample result MYK180920085 at 2018-09-20 14:40:32', 1.8000, 5.0025, 0.0108, 1000.0000, 3.8900, 0.8700, 10.0153, 0.1019, 25.6000, 0.2266, '2018-09-20 07:40:32', '2018-09-20 07:40:32'),
(275, 'MYK180920085', '16245', '2018-09-20 14:41:13', 'reject', 'cek lagi', NULL, NULL, NULL, NULL, NULL, NULL, NULL, NULL, NULL, NULL, '2018-09-20 07:41:13', '2018-09-20 07:41:13'),
(276, 'MYK180920085', '11316', '2018-09-20 14:42:28', 'upload', '11316 uploaded sample result MYK180920085 at 2018-09-20 14:42:28', 1.8000, 5.0025, 0.0108, 1000.0000, 3.8900, 0.8700, 10.0153, 0.1019, 25.6000, 0.2266, '2018-09-20 07:42:28', '2018-09-20 07:42:28'),
(277, 'MYK180920085', '11316', '2018-09-20 14:42:28', 'upload', '11316 uploaded sample result MYK180920085 at 2018-09-20 14:42:28', 1.9000, 5.0025, 0.0108, 1000.0000, 4.1000, 0.8700, 10.0153, 0.1019, 25.6000, 0.2266, '2018-09-20 07:42:28', '2018-09-20 07:42:28'),
(278, 'MYK180920085', '11316', '2018-09-20 14:42:28', 'upload', '11316 uploaded sample result MYK180920085 at 2018-09-20 14:42:28', 1.5800, 5.0158, 0.0108, 1000.0000, 3.4000, 0.8700, 10.0153, 0.1019, 25.6000, 0.2266, '2018-09-20 07:42:28', '2018-09-20 07:42:28'),
(279, 'MYK180920085', '11316', '2018-09-20 14:42:28', 'upload', '11316 uploaded sample result MYK180920085 at 2018-09-20 14:42:28', 1.5800, 5.0158, 0.0108, 1000.0000, 3.4000, 0.8700, 10.0153, 0.1019, 25.6000, 0.2266, '2018-09-20 07:42:28', '2018-09-20 07:42:28'),
(280, 'MYK180920085', '16245', '2018-09-20 14:43:22', 'reject', 'cek', NULL, NULL, NULL, NULL, NULL, NULL, NULL, NULL, NULL, NULL, '2018-09-20 07:43:22', '2018-09-20 07:43:22'),
(281, 'MYK180920085', '11316', '2018-09-20 14:44:24', 'upload', '11316 uploaded sample result MYK180920085 at 2018-09-20 14:44:24', 1.4000, 5.0025, 0.0108, 1000.0000, 3.0200, 0.8700, 10.0153, 0.1019, 25.6000, 0.2266, '2018-09-20 07:44:24', '2018-09-20 07:44:24'),
(282, 'MYK180920085', '11316', '2018-09-20 14:44:24', 'upload', '11316 uploaded sample result MYK180920085 at 2018-09-20 14:44:24', 1.9000, 5.0025, 0.0108, 1000.0000, 4.1000, 0.8700, 10.0153, 0.1019, 25.6000, 0.2266, '2018-09-20 07:44:24', '2018-09-20 07:44:24'),
(283, 'MYK180920085', '11316', '2018-09-20 14:44:24', 'upload', '11316 uploaded sample result MYK180920085 at 2018-09-20 14:44:24', 2.0000, 5.0158, 0.0108, 1000.0000, 4.3100, 0.8700, 10.0153, 0.1019, 25.6000, 0.2266, '2018-09-20 07:44:24', '2018-09-20 07:44:24'),
(284, 'MYK180920085', '11316', '2018-09-20 14:44:24', 'upload', '11316 uploaded sample result MYK180920085 at 2018-09-20 14:44:24', 1.5800, 5.0158, 0.0108, 1000.0000, 3.4000, 0.8700, 10.0153, 0.1019, 25.6000, 0.2266, '2018-09-20 07:44:24', '2018-09-20 07:44:24'),
(285, 'MYK180920085', '16245', '2018-09-20 14:45:49', 'approve', 'Approved by 16245', NULL, NULL, NULL, NULL, NULL, NULL, NULL, NULL, NULL, NULL, '2018-09-20 07:45:49', '2018-09-20 07:45:49');

-- --------------------------------------------------------

--
-- Table structure for table `migrations`
--

CREATE TABLE `migrations` (
  `id` int(10) UNSIGNED NOT NULL,
  `migration` varchar(255) COLLATE utf8mb4_unicode_ci NOT NULL,
  `batch` int(11) NOT NULL
) ENGINE=InnoDB DEFAULT CHARSET=utf8mb4 COLLATE=utf8mb4_unicode_ci;

--
-- Dumping data for table `migrations`
--

INSERT INTO `migrations` (`id`, `migration`, `batch`) VALUES
(2, '2018_03_09_024054_create_m_department_table', 1),
(3, '2018_03_09_024135_create_m_line_table', 1),
(4, '2018_03_09_024211_create_m_product_table', 1),
(5, '2018_03_09_024337_create_auth_group_table', 1),
(6, '2018_03_09_024424_create_auth_permission_table', 1),
(9, '2018_03_09_024727_create_t_sample_minyak_table', 1),
(10, '2018_03_09_024750_create_t_pv_table', 1),
(11, '2018_03_09_024807_create_t_ffa_table', 1),
(12, '2018_03_09_024831_create_t_sample_mie_table', 1),
(13, '2018_03_09_024901_create_t_fc_table', 1),
(14, '2018_03_09_024929_create_t_ka_table', 1),
(17, '2018_03_09_024211_create_m_variant_product_table', 2),
(19, '2018_03_09_023917_create_m_shift_table', 4),
(20, '2018_03_09_040759_create_t_shift_table', 4),
(21, '2018_03_19_035501_create_m_jam_sample_table', 5),
(22, '2018_03_09_024607_create_m_user_table', 6),
(23, '2018_03_09_024524_create_auth_group_permission_table', 7),
(24, '2018_03_25_003349_create_auth_group_department_table', 8),
(25, '2018_04_09_080956_create_log_table', 9),
(27, '2018_04_10_224527_create_log_department_table', 10),
(29, '2018_04_10_104520_create_log_sample_minyak_table', 11),
(30, '2018_04_17_161436_create_log_sample_mie_table', 12),
(33, '2018_09_09_142135_create_auth_report_table', 13),
(34, '2018_09_09_164647_create_auth_group_report_table', 13),
(35, '2018_09_15_224816_create_changelog_table', 14);

-- --------------------------------------------------------

--
-- Table structure for table `m_department`
--

CREATE TABLE `m_department` (
  `id` varchar(10) COLLATE utf8mb4_unicode_ci NOT NULL,
  `name` varchar(50) COLLATE utf8mb4_unicode_ci NOT NULL,
  `status` enum('Y','N') COLLATE utf8mb4_unicode_ci NOT NULL,
  `dept_group` varchar(20) COLLATE utf8mb4_unicode_ci DEFAULT NULL,
  `created_by` varchar(12) COLLATE utf8mb4_unicode_ci NOT NULL,
  `updated_by` varchar(12) COLLATE utf8mb4_unicode_ci NOT NULL,
  `created_at` timestamp NULL DEFAULT NULL,
  `updated_at` timestamp NULL DEFAULT NULL
) ENGINE=InnoDB DEFAULT CHARSET=utf8mb4 COLLATE=utf8mb4_unicode_ci;

--
-- Dumping data for table `m_department`
--

INSERT INTO `m_department` (`id`, `name`, `status`, `dept_group`, `created_by`, `updated_by`, `created_at`, `updated_at`) VALUES
('1', 'ITE', 'Y', NULL, '25749', '25749', '2018-03-14 16:34:31', '2018-07-15 01:06:33'),
('2', 'PRN', 'Y', 'produksi', '25749', '25749', '2018-09-14 21:31:58', '2018-09-17 00:59:43'),
('3', 'PNC', 'Y', 'produksi', '25749', '25749', '2018-09-14 21:32:22', '2018-09-17 00:59:38'),
('4', 'QC', 'Y', NULL, '25749', '25749', '2018-09-15 02:10:22', '2018-09-15 02:10:22'),
('5', 'QA', 'Y', NULL, '25749', '25749', '2018-09-15 02:10:33', '2018-09-15 02:10:33');

-- --------------------------------------------------------

--
-- Table structure for table `m_jam_sample`
--

CREATE TABLE `m_jam_sample` (
  `id` int(10) UNSIGNED NOT NULL,
  `jam_sample` time NOT NULL,
  `created_by` varchar(12) COLLATE utf8mb4_unicode_ci NOT NULL,
  `updated_by` varchar(12) COLLATE utf8mb4_unicode_ci NOT NULL,
  `created_at` timestamp NULL DEFAULT NULL,
  `updated_at` timestamp NULL DEFAULT NULL
) ENGINE=InnoDB DEFAULT CHARSET=utf8mb4 COLLATE=utf8mb4_unicode_ci;

--
-- Dumping data for table `m_jam_sample`
--

INSERT INTO `m_jam_sample` (`id`, `jam_sample`, `created_by`, `updated_by`, `created_at`, `updated_at`) VALUES
(1, '06:00:00', '04091725749', '04091725749', NULL, NULL),
(2, '07:30:00', '04091725749', '04091725749', NULL, NULL),
(3, '09:00:00', '04091725749', '04091725749', NULL, NULL),
(4, '10:30:00', '04091725749', '04091725749', NULL, NULL),
(5, '12:00:00', '04091725749', '04091725749', NULL, NULL),
(6, '13:30:00', '04091725749', '04091725749', NULL, NULL),
(7, '15:00:00', '04091725749', '04091725749', NULL, NULL),
(8, '16:30:00', '04091725749', '04091725749', NULL, NULL),
(9, '18:00:00', '04091725749', '04091725749', NULL, NULL),
(10, '19:30:00', '04091725749', '04091725749', NULL, NULL),
(11, '21:00:00', '04091725749', '04091725749', NULL, NULL),
(12, '22:30:00', '04091725749', '04091725749', NULL, NULL),
(13, '00:00:00', '04091725749', '04091725749', NULL, NULL),
(14, '01:30:00', '04091725749', '04091725749', NULL, NULL),
(15, '03:00:00', '04091725749', '04091725749', NULL, NULL),
(16, '04:30:00', '04091725749', '04091725749', NULL, NULL);

-- --------------------------------------------------------

--
-- Table structure for table `m_line`
--

CREATE TABLE `m_line` (
  `id` varchar(15) COLLATE utf8mb4_unicode_ci NOT NULL,
  `dept_id` varchar(3) COLLATE utf8mb4_unicode_ci NOT NULL,
  `status` enum('Y','N') COLLATE utf8mb4_unicode_ci NOT NULL,
  `created_by` varchar(12) COLLATE utf8mb4_unicode_ci NOT NULL,
  `updated_by` varchar(12) COLLATE utf8mb4_unicode_ci NOT NULL,
  `created_at` timestamp NULL DEFAULT NULL,
  `updated_at` timestamp NULL DEFAULT NULL
) ENGINE=InnoDB DEFAULT CHARSET=utf8mb4 COLLATE=utf8mb4_unicode_ci;

--
-- Dumping data for table `m_line`
--

INSERT INTO `m_line` (`id`, `dept_id`, `status`, `created_by`, `updated_by`, `created_at`, `updated_at`) VALUES
('BB Noodle Bag', '2', 'Y', '04091725749', '04091725749', '2018-08-18 20:32:46', '2018-08-18 20:32:46'),
('BB Noodle Cup', '3', 'Y', '04091725749', '04091725749', '2018-08-18 20:33:03', '2018-08-18 20:33:03'),
('LINE 01 BAG', '2', 'Y', '103', '103', '2018-04-13 09:22:48', '2018-04-13 09:22:48'),
('LINE 01 CUP', '3', 'Y', '103', '103', '2018-04-13 09:25:07', '2018-04-13 09:25:07'),
('LINE 02 BAG', '2', 'Y', '103', '103', '2018-04-13 09:25:23', '2018-04-13 09:25:23'),
('LINE 02 CUP', '3', 'Y', '103', '103', '2018-04-13 09:23:02', '2018-04-13 09:23:02'),
('LINE 03 BAG', '2', 'Y', '103', '103', '2018-04-13 09:25:50', '2018-04-13 09:25:50'),
('LINE 03 CUP', '3', 'Y', '103', '103', '2018-04-13 09:23:14', '2018-04-13 09:23:14'),
('LINE 04 BAG', '2', 'Y', '103', '103', '2018-04-13 09:26:10', '2018-04-13 09:26:10'),
('LINE 04 CUP', '3', 'Y', '103', '103', '2018-04-13 09:23:30', '2018-04-13 09:23:30'),
('LINE 05 BAG', '2', 'Y', '103', '103', '2018-04-13 09:26:22', '2018-04-13 09:26:22'),
('LINE 06 BAG', '2', 'Y', '103', '103', '2018-04-13 09:26:32', '2018-04-13 09:26:32'),
('LINE 07 BAG', '2', 'Y', '103', '103', '2018-04-13 09:26:41', '2018-04-13 09:26:41'),
('LINE 08 BAG', '2', 'Y', '103', '103', '2018-04-13 09:26:51', '2018-04-13 09:26:51'),
('LINE 09 BAG', '2', 'Y', '103', '103', '2018-04-13 09:27:03', '2018-04-13 09:27:03'),
('LINE 10 BAG', '2', 'Y', '04091725749', '04091725749', '2018-03-28 01:47:07', '2018-03-28 01:47:07'),
('LINE 11 BAG', '2', 'Y', '04091725749', '04091725749', '2018-03-28 01:47:16', '2018-03-28 01:47:16'),
('LINE 12 BAG', '2', 'Y', '04091725749', '04091725749', '2018-03-28 01:47:23', '2018-03-28 01:47:23'),
('LINE 13 BAG', '2', 'Y', '04091725749', '04091725749', '2018-03-28 01:47:31', '2018-03-28 01:47:31'),
('LINE 14 BAG', '2', 'Y', '04091725749', '04091725749', '2018-03-28 01:47:40', '2018-03-28 01:47:40'),
('LINE 15 BAG', '2', 'Y', '04091725749', '04091725749', '2018-03-28 01:47:48', '2018-03-28 01:47:48'),
('LINE 16 BAG', '2', 'Y', '04091725749', '04091725749', '2018-03-28 01:47:56', '2018-03-28 01:47:56'),
('LINE 17 BAG', '3', 'Y', '04091725749', '04091725749', '2018-03-28 02:22:13', '2018-03-28 02:22:13'),
('LINE 18 BAG', '3', 'Y', '04091725749', '04091725749', '2018-03-28 02:22:24', '2018-03-28 02:22:24'),
('LINE 19 BAG', '3', 'Y', '04091725749', '04091725749', '2018-03-28 02:22:34', '2018-03-28 02:22:34');

-- --------------------------------------------------------

--
-- Table structure for table `m_shift`
--

CREATE TABLE `m_shift` (
  `name` varchar(50) COLLATE utf8mb4_unicode_ci NOT NULL,
  `jam_awal` time NOT NULL,
  `jam_akhir` time NOT NULL,
  `status` enum('Y','N') COLLATE utf8mb4_unicode_ci NOT NULL,
  `created_by` varchar(12) COLLATE utf8mb4_unicode_ci NOT NULL,
  `updated_by` varchar(12) COLLATE utf8mb4_unicode_ci NOT NULL,
  `created_at` timestamp NULL DEFAULT NULL,
  `updated_at` timestamp NULL DEFAULT NULL
) ENGINE=InnoDB DEFAULT CHARSET=utf8mb4 COLLATE=utf8mb4_unicode_ci;

--
-- Dumping data for table `m_shift`
--

INSERT INTO `m_shift` (`name`, `jam_awal`, `jam_akhir`, `status`, `created_by`, `updated_by`, `created_at`, `updated_at`) VALUES
('NS1', '07:00:00', '15:00:00', 'Y', '25749', '25749', '2018-03-26 23:45:02', '2018-03-26 23:45:02'),
('NS2', '15:00:00', '23:00:00', 'Y', '25749', '25749', '2018-03-26 23:46:01', '2018-03-26 23:46:01'),
('NS3', '23:00:00', '07:00:00', 'Y', '25749', '25749', '2018-03-26 23:46:29', '2018-03-26 23:46:29'),
('SS1', '07:00:00', '12:00:00', 'Y', '25749', '25749', '2018-03-26 23:47:15', '2018-03-26 23:47:15'),
('SS2', '12:00:00', '17:00:00', 'Y', '25749', '25749', '2018-03-26 23:49:13', '2018-03-26 23:49:13'),
('SS3', '17:00:00', '22:00:00', 'Y', '25749', '25749', '2018-03-26 23:49:58', '2018-03-26 23:49:58');

-- --------------------------------------------------------

--
-- Table structure for table `m_user`
--

CREATE TABLE `m_user` (
  `nik` varchar(12) COLLATE utf8mb4_unicode_ci NOT NULL,
  `group_id` int(10) UNSIGNED NOT NULL,
  `dept_id` varchar(3) COLLATE utf8mb4_unicode_ci NOT NULL,
  `dept_group` varchar(20) COLLATE utf8mb4_unicode_ci DEFAULT NULL,
  `name` varchar(50) COLLATE utf8mb4_unicode_ci NOT NULL,
  `jabatan` varchar(30) COLLATE utf8mb4_unicode_ci NOT NULL,
  `email` varchar(100) COLLATE utf8mb4_unicode_ci DEFAULT NULL,
  `password` varchar(255) COLLATE utf8mb4_unicode_ci NOT NULL,
  `created_by` varchar(12) COLLATE utf8mb4_unicode_ci NOT NULL,
  `updated_by` varchar(12) COLLATE utf8mb4_unicode_ci NOT NULL,
  `status` enum('Y','N') COLLATE utf8mb4_unicode_ci NOT NULL,
  `created_at` timestamp NULL DEFAULT NULL,
  `updated_at` timestamp NULL DEFAULT NULL,
  `remember_token` varchar(100) COLLATE utf8mb4_unicode_ci DEFAULT NULL
) ENGINE=InnoDB DEFAULT CHARSET=utf8mb4 COLLATE=utf8mb4_unicode_ci;

--
-- Dumping data for table `m_user`
--

INSERT INTO `m_user` (`nik`, `group_id`, `dept_id`, `dept_group`, `name`, `jabatan`, `email`, `password`, `created_by`, `updated_by`, `status`, `created_at`, `updated_at`, `remember_token`) VALUES
('04091725749', 2, '1', 'superuser', 'Heri Lesmana', 'Admin', 'lezmanaherie@gmail.com', '$2y$10$1iuS48OhwQHKXPtVj3sAIeP1WmB3Q.fSu3kLP7NPTPWOsKK.G75pC', '25749', '25749', 'Y', '2018-03-22 20:55:28', '2018-04-11 13:38:44', 'T8UDvBmJ8u72URO568cfzpNGJbhgtOPeJx0d0oFcQdb82NfGe3neAljsV31a'),
('10108', 24, '5', NULL, 'Nur Afni', 'Admin QA', NULL, '$2y$10$WjT3Lci99zlAL/KCB7HkPudXi60Kmpz2ZhTHWHhreP8vYLO3CPepq', '25749', '25749', 'Y', '2018-09-17 01:42:28', '2018-09-21 10:37:18', 'hZsxH05ZUBDSPkLp3tVSpbh8XIrqfIoO1AcWYY7z2Fd99TpABU8U4MvS50ba'),
('10156', 20, '4', NULL, 'Agus Setiawan', 'QC Field', NULL, '$2y$10$xyfj4Xb2fVS2kCI9gCnlSOoQBHFcibNwh9darXnBW0wV1ns66cTZm', '25749', '25749', 'Y', '2018-09-15 04:14:12', '2018-09-15 04:14:12', NULL),
('10349', 20, '4', NULL, 'Cecep Abdulloh', 'QC Field', NULL, '$2y$10$xMkB.BJDnDZTzlrjIJfpJuZF9tgSJuRot3il/ZKK2e8vhi/RtA5qu', '25749', '25749', 'Y', '2018-09-15 04:36:03', '2018-09-15 04:36:03', NULL),
('10466', 20, '4', NULL, 'Mohamad Faqih', 'QC Field', NULL, '$2y$10$3Wa.E5tNF3OVjR8Nkvqddufo7PDzR6ntjj8OqPK8IuO/w8kB8Holi', '25749', '25749', 'Y', '2018-09-15 04:14:35', '2018-09-15 04:14:35', NULL),
('10611', 20, '4', NULL, 'Syaiful Abac Ience', 'QC Field', NULL, '$2y$10$ntrmtK/BcHPgGjswE6NGg.guMPchXZjXzCVMiTIsFy/r55pUv7rZG', '25749', '25749', 'Y', '2018-09-15 04:29:50', '2018-09-15 04:29:50', NULL),
('10690', 20, '4', NULL, 'Thiyo Nenda Samanta', 'QC Field', NULL, '$2y$10$TBJAbEcQYKl/iN8quCqCxetpOGooxiMggwsq.AWJaSW62b09pOeQy', '25749', '25749', 'Y', '2018-09-15 04:14:58', '2018-09-15 04:14:58', NULL),
('109', 21, '5', NULL, 'Mutmainah', 'QA Field', NULL, '$2y$10$sU3Vcc3sCpTzwsMRcTEDFuvt/5COABJ1Lyd9FN5w70ys0fKueVEqa', '25749', '25749', 'Y', '2018-09-17 01:33:38', '2018-09-17 01:33:38', NULL),
('11179', 20, '4', NULL, 'Reny Handayani', 'QC Field', NULL, '$2y$10$Yp3vGFEoQIXgwFJyg8Vz2eRQFA3gKYSl9C.VEPRtlCmyH6.6RHYYi', '25749', '25749', 'Y', '2018-09-15 04:34:56', '2018-09-15 04:34:56', NULL),
('11225', 20, '4', NULL, 'Winardi', 'QC Field', NULL, '$2y$10$Tx7IQzLwiyZ.GJBhpX2Qru/MR5RtPxJ1qat93YNeMi0p9Drrl65Tm', '25749', '25749', 'Y', '2018-09-15 04:46:55', '2018-09-15 04:46:55', NULL),
('11316', 21, '5', NULL, 'Solihatun', 'QA Field', NULL, '$2y$10$I5LwF.oU6fau16zPrZv8r.0/O.6D8ReJKtli.h1jneEzzErIuCaNS', '25749', '25749', 'Y', '2018-09-17 01:38:01', '2018-09-17 01:38:01', 'aGlEVC4SH6NHMXUTqfmMAAkyuw73ktUf0DF1WIQR9HO9bv0PW0xOydpxdw9L'),
('11430', 21, '5', NULL, 'Maulana Ahmad', 'QA Field', NULL, '$2y$10$nWbP5a4uOFu1z3cliS9tqeiWHQlIACLeYG3OEn80TZ6V4N2vQ9syG', '25749', '25749', 'Y', '2018-09-17 01:34:02', '2018-09-17 01:34:02', NULL),
('11505', 20, '4', NULL, 'Frans Haris Jaya Pratama', 'QC Field', NULL, '$2y$10$kEmAf0eEnnVC8QJ8tvlAKuVwELfaZwkj9YFLvsLv4GvWFW3etHe2S', '25749', '25749', 'Y', '2018-09-15 04:15:20', '2018-09-15 04:15:20', NULL),
('1187', 20, '4', NULL, 'Samsul Hadi', 'QC Field', NULL, '$2y$10$zqemZJz9bSShIumwsy9rA.dLF/1QG21g2NDv.TicnqHT4zM7rQfDu', '25749', '25749', 'Y', '2018-09-15 04:34:30', '2018-09-15 04:34:30', NULL),
('12143', 20, '4', NULL, 'Ahmad Syaifuddin', 'QC Field', NULL, '$2y$10$8CGwUY9Ofw73HpLUC1AyBexHinlNL1hdEhtTxRIeCuA.hOaY98Rey', '25749', '25749', 'Y', '2018-09-15 04:15:49', '2018-09-15 04:15:49', NULL),
('12837', 20, '4', NULL, 'Abdul Somad', 'QC Field', NULL, '$2y$10$Kb1pM8nqn2soEou3OCtE2uIaHihNVcJ1/9unTrICoXBCPOu2xG9Si', '25749', '25749', 'Y', '2018-09-15 04:16:12', '2018-09-15 04:16:12', NULL),
('12883', 20, '4', NULL, 'Tsani Fatchurochman', 'QC Field', NULL, '$2y$10$Zy7xCrR0dQvxgcNmnKKzFOi3K91WKmsqne6QezPycV6IEeArZ6hue', '25749', '25749', 'Y', '2018-09-15 04:47:59', '2018-09-15 04:47:59', NULL),
('13110', 20, '4', NULL, 'Jimi Purwanto', 'QC Field', NULL, '$2y$10$qWWISgWQaR0LNdY3UcOL/e/au2yMi4QTuASVf6Vituj9.5c7X7SHO', '25749', '25749', 'Y', '2018-09-15 04:16:34', '2018-09-15 04:16:34', NULL),
('13576', 20, '4', NULL, 'Andrian Purnama', 'QC Field', NULL, '$2y$10$3wU.zo4VYLcDNCHKoRWt2etZUNMcPgEYpO9RM0BuI/COCo.i87yXK', '25749', '25749', 'Y', '2018-09-15 04:48:20', '2018-09-15 04:48:20', NULL),
('13577', 20, '4', NULL, 'M Rijalul F', 'QC Field', NULL, '$2y$10$MZfvdYLIVlitjHJ8/ERt2e.aq.J1cSNeAfO1V6oG5z03/9x/.ESN2', '25749', '25749', 'Y', '2018-09-15 04:30:29', '2018-09-15 04:30:29', NULL),
('14250', 20, '4', NULL, 'Asep Sudirman', 'QC Field', NULL, '$2y$10$OYQOAHdUHqM.9ODP.H3J4uY0bbKfHtIA9STNQp2rjnU5yW3ku.XvC', '25749', '25749', 'Y', '2018-09-15 04:48:38', '2018-09-15 04:48:38', NULL),
('14286', 20, '4', NULL, 'Arip Mustofa', 'QC Field', NULL, '$2y$10$y3y6ZGu9OL6cliMN2SmAn.06msEwaxVmF0yklg9cz1Cmeh.8J7w5C', '25749', '25749', 'Y', '2018-09-15 04:49:01', '2018-09-15 04:49:01', NULL),
('14783', 20, '4', NULL, 'Dhika Ferdiansyah', 'QC Field', NULL, '$2y$10$xrmJCrKBhOYKVUDlrLJUZuY5RWVNmoZkWffuI31I6unoqlc3JmhRe', '25749', '25749', 'Y', '2018-09-15 04:49:25', '2018-09-15 04:49:25', NULL),
('14784', 19, '5', NULL, 'Bambang Rianto', 'FOREMAN', NULL, '$2y$10$/shZWVriP5qQKJ14vA7jrecaOrk5Yvyl9ZffIM9snUpka61rvAC7a', '25749', '25749', 'Y', '2018-09-17 01:30:17', '2018-09-17 01:30:17', 'UeN2XadDxyTizApEe4X70t4iLTZYu5fvlaF6A0fgMBDc4MbLmkPwpFrNdHoZ'),
('14830', 21, '5', NULL, 'Marisa Pranita', 'QA Field', NULL, '$2y$10$R94uMXAjcnIR0CsIDLSz9u8.5gIvqqYHl3yoMXJJfTkkecAFM98W2', '25749', '25749', 'Y', '2018-09-17 01:38:45', '2018-09-17 01:38:45', NULL),
('15045', 12, '4', NULL, 'Ahmad zaenuri', 'QC Field', NULL, '$2y$10$.uBJ9kfy0o8NJHMl050pquCHuQDP3Ue5IGlAF7mOu4ET0hP4xXxXy', '25749', '25749', 'Y', '2018-09-15 04:31:16', '2018-09-15 04:31:16', NULL),
('15046', 20, '4', NULL, 'Juliyanto', 'QC Field', NULL, '$2y$10$DHD2F6V/3LVqzqzkHfHYk.8MNWWbx4xNJ.1/3t2cRtuQEsHhv359C', '25749', '25749', 'Y', '2018-09-15 04:49:52', '2018-09-15 04:49:52', 'PiWuMr2ffCXBumyVkxw9UC6RoBZvAk8J4jQHKAZy67rHuXzw8Ig4pPeREBTu'),
('15604', 21, '5', NULL, 'Arum Oktaviani', 'QA Field', NULL, '$2y$10$Ew8EUnM1dN1EcgTX98QAzuIfOOPPQo9MeoU7OndNNdEIWVKaQjbs6', '25749', '25749', 'Y', '2018-09-17 01:41:09', '2018-09-17 01:41:09', NULL),
('15639', 20, '4', NULL, 'Imam Dwi P', 'QC Field', NULL, '$2y$10$cFLtJBBmNeBBb9yg9tQ0ne03DuWc2igveXNZQYs2uX6qNzZuKOWAm', '25749', '25749', 'Y', '2018-09-15 04:17:03', '2018-09-15 04:17:03', NULL),
('16090', 21, '5', NULL, 'Wildan Naufal H', 'QA Field', NULL, '$2y$10$7cGEs9F2e.vn6BEehNaZUu8VbIaXf1bHTopfd2waX5ZvBNyYrI1b6', '25749', '25749', 'N', '2018-09-17 01:37:33', '2018-09-17 07:31:28', NULL),
('16245', 19, '5', NULL, 'Jhonni Sigiro', 'SPV', NULL, '$2y$10$9cJzIzgtuej6uE7r8bfoPemQN3dM2mKOFhuZqW6nl7P3FOlzrVhrq', '25749', '25749', 'Y', '2018-09-17 01:32:37', '2018-09-17 01:32:37', 'GVyOxSZj4A0XYODvnxXIfKP9ThRqZzv5aVy6wsx59Kwazr13FHnBvlErIxKa'),
('18257', 20, '4', NULL, 'Cindy Gloria', 'QC Field', NULL, '$2y$10$B4sZrYzZq.F/G70q7OE6KuSL/pr0XUjKYU..g11RJo7ktXAjBK2EG', '25749', '25749', 'Y', '2018-09-15 04:31:38', '2018-09-15 04:31:38', NULL),
('18361', 21, '5', NULL, 'Diaratna puty', 'QA Field', NULL, '$2y$10$czFk8bRGlEpjID9JKgokf.HNGbnWoSQFWLQFM5IRWg0iL8ue/F//6', '25749', '25749', 'Y', '2018-09-17 01:34:26', '2018-09-17 01:34:26', NULL),
('18430', 21, '5', NULL, 'Risky Amelia', 'QA Field', NULL, '$2y$10$w/DpFoCQKZfIGyvz0BRxveg/ER5wtzVBzOnErK3zVF5/VK3JWmWHG', '25749', '25749', 'Y', '2018-09-17 01:38:22', '2018-09-17 01:38:22', NULL),
('18455', 21, '5', NULL, 'Faisal Hafiz', 'QA Field', NULL, '$2y$10$EC1B/6U.c0knoK.1g0ApjOPaW5v3T2DFAMsWE4kBIwv5LrfB/busq', '25749', '25749', 'Y', '2018-09-17 01:41:39', '2018-09-17 01:41:39', NULL),
('18513', 20, '4', NULL, 'Yanu Anggie Pratiwi', 'QC Field', NULL, '$2y$10$8OUiQtTMtlpN2oRFDhzeG.mfaof07KwVF211vdRBAhn0Zj67MML3G', '25749', '25749', 'Y', '2018-09-15 04:22:46', '2018-09-15 04:22:46', NULL),
('18773', 19, '5', NULL, 'Okik Widiyatmoko', 'FOREMAN', NULL, '$2y$10$KvnCSSqz7hfJoDH1lB8hwueRPbWwnSBxakQor8LjWT/mxtr2GR15i', '25749', '25749', 'Y', '2018-09-17 01:32:14', '2018-09-18 09:22:25', 'xmAim5aCICpBmrV0SB3ARjLUVR55wMFeAgoxjkEJCzgrBLwp4Hx019w4L4BL'),
('18966', 21, '5', NULL, 'Kristina F.', 'QA Field', NULL, '$2y$10$OjXstwDck2d.aCrt/Z10u.yfArqblXAUkJO0rUP.E0191XfOC/hpS', '25749', '25749', 'Y', '2018-09-17 01:40:29', '2018-09-17 01:40:29', NULL),
('19558', 20, '4', NULL, 'Wawan Purwono', 'QC Field', NULL, '$2y$10$YJhfbGtcIYnxxIJmTudm5.WI94qxhDKqB8dqf9OhWvLuVwonc372a', '25749', '25749', 'Y', '2018-09-15 04:32:02', '2018-09-15 04:32:02', NULL),
('19690', 24, '5', NULL, 'Nurhayati Elsa Saputri', 'Admin QA', NULL, '$2y$10$6RHRss6cipIEDRTpuTk/juoCXiGjI745QfpAO8WUOH1w6og4mopei', '25749', '25749', 'Y', '2018-09-17 01:42:03', '2018-09-21 10:36:48', 'jwiQmelJiwZevf07ALZXNtfCDbvZ0ueXxVs75do4YlEFkLyPUf9TtLB2nMIS'),
('19691', 20, '4', NULL, 'Lina Nurjana', 'QC Field', NULL, '$2y$10$vuxrwRJZY7jG1FI6x2hNTOQdFQsWZ5UULcCVYsBO82Vp0jTPJWMyO', '25749', '25749', 'Y', '2018-09-15 04:32:34', '2018-09-15 04:32:34', NULL),
('1977', 20, '4', NULL, 'Jajang Ruhimat', 'QC Field', NULL, '$2y$10$ymbMYReSJv94fGKSJ8Fwf.4EEahKd4lG7VOvyVQGEU4nuPok/8NlW', '25749', '25749', 'Y', '2018-09-15 04:13:02', '2018-09-15 04:13:02', NULL),
('1981', 12, '4', NULL, 'Wawan Setiawan', 'SPV', NULL, '$2y$10$jfvS91Y8LLnMOmSBtfX3mOGzv6fadcLy5slddcqiJhxYyoJRgWpzu', '25749', '25749', 'Y', '2018-09-15 02:16:01', '2018-09-15 03:55:59', 'v36OGdaWunoBMOj2Es91qMqugA5mOREp2LA2CBK3vvWcbYsO4vjqynEyjTT5'),
('20186', 19, '5', NULL, 'Ahmad Wildan Arroisi', 'FOREMAN', NULL, '$2y$10$6elWNmvgPeEOpNPT6d9OZ.BxaMBPPwhoMrMbAPEIwtbV19pfWm5ta', '25749', '25749', 'Y', '2018-09-17 01:30:48', '2018-09-17 01:30:48', 'O3RdZ1qFutX9LhmkXIM4GFS1tB2DNV2kiURf5oiVF29UJckVzrptgYygjL2Y'),
('20421', 23, '4', NULL, 'Aris Setiyani', 'DEPT HEAD', NULL, '$2y$10$q3a8zmYVW16gg3fCNjdgbu5Ch2a/lwx1eV5WNHIUG5AZ.OQTyT6z.', '25749', '25749', 'Y', '2018-09-15 02:18:45', '2018-09-15 03:56:15', NULL),
('20665', 20, '4', NULL, 'Ria Oktaviana', 'QC Field', NULL, '$2y$10$NWYZjmYp7QEeyE9SWXkPk.2S/a9MruDvc.9MhlZAxIWazDNvWN8NC', '25749', '25749', 'Y', '2018-09-15 04:23:49', '2018-09-15 04:23:49', NULL),
('23562', 12, '4', NULL, 'Bayu Firmansyah', 'SPV', NULL, '$2y$10$aNRLFD.YlU1Q3UPytlOp5ekw8nnyL4XLHwWCMST.9mZN0Yv1o82ri', '25749', '25749', 'Y', '2018-09-15 02:17:53', '2018-09-15 03:56:20', 'nCUW3A7MpHoo5PLtRfIFkWXln5fIQyn4KIpvOXK8l02oqKs9o9iCb7wxb1QA'),
('23855', 19, '5', NULL, 'Andrian', 'FOREMAN', NULL, '$2y$10$/onEngLT6./VEBRDMsjDEO10KHNF6B0dvyk8cgm/ekNMwkHtPwWlG', '25749', '25749', 'Y', '2018-09-17 01:31:33', '2018-09-17 01:31:33', NULL),
('24649', 19, '5', NULL, 'Aldilla Ghozali', 'FOREMAN', NULL, '$2y$10$45ko87u8lKSzxAUozTSbieu4fjKvlq6mCZsjiUC60mwJh/BQhj186', '25749', '25749', 'N', '2018-09-17 01:31:55', '2018-09-17 07:31:42', NULL),
('24804', 21, '5', NULL, 'Delia Prana Bella', 'QA Field', NULL, '$2y$10$b3gomsHRTz2ep5Kg/9IdJ.E9eNwYrpREX3nI7CHFgfLOavEZ2DcuS', '25749', '25749', 'Y', '2018-09-17 01:39:43', '2018-09-17 01:39:43', 'WdbqUOAS44DzCHLfsP7Ho6LlPGAmeF5rotDQroYSYVGCOm9ZzHbI1U3jnXTs'),
('25860', 12, '4', NULL, 'Fauzi Iriawan', 'SPV', NULL, '$2y$10$TA04kNUVKfVDITSWZWrsteEMzCNviYHx7p2.ycH5zB/.JVPlRnNXS', '25749', '25749', 'Y', '2018-09-15 02:18:15', '2018-09-15 03:56:30', 'H3HZKvUlaSJHHr83XBfrMdgRISmTbZCTzMBeR7fTxAhNPNbqEbisQV6eLXea'),
('2599', 20, '4', NULL, 'Andari Aini', 'QC Field', NULL, '$2y$10$8hsKiXwmiDCieCNI.lW47eDRoNJhJz7lMLIgkSUTXhh8Yb0/yZ5lW', '25749', '25749', 'Y', '2018-09-15 04:23:23', '2018-09-15 04:23:23', NULL),
('26796', 21, '5', NULL, 'Alveila Dzikriannisa F', 'QA Field', NULL, '$2y$10$FlQ2XSVqVC3GPCW2ajod6OKD0RwESP7dJk/bn.f/Uyue1FQGT/dSq', '25749', '25749', 'Y', '2018-09-17 01:34:54', '2018-09-17 01:34:54', 'JQWBzJEhYuWZZWnZDNJbNwMXDTv15DopBmSxY7Ttg24IWQirIhRwyHsdoWCO'),
('2723', 20, '4', NULL, 'Andri Tri S', 'QC Field', NULL, '$2y$10$dnvewiZ.jKVxURrVpx8VEOQPDY8VfPzb8qJF9OTpZZxKchik7U6Di', '25749', '25749', 'Y', '2018-09-15 04:26:24', '2018-09-15 04:26:24', NULL),
('2724', 19, '5', NULL, 'Prihanto Setyohadi', 'FOREMAN', NULL, '$2y$10$meTbsMhlRrTX.qLs6HFlpOrFhk1HvUqMMSPv.a/6c1zqhUIMzqoVK', '25749', '25749', 'Y', '2018-09-17 01:31:12', '2018-09-17 01:31:12', NULL),
('27886', 19, '5', NULL, 'Fadhil Satya Fajar pratama', 'FOREMAN', NULL, '$2y$10$2NPMO7cjxqlJgGBVgQAuLeqU4FKKHcm65HAE2IVXOgtA2pia2kjYm', '25749', '25749', 'Y', '2018-09-17 07:32:51', '2018-09-17 07:32:51', 'Fv3gX278oBQ2miBSlwthx0tGiD50HcF2DINcaLQBadcB4tR2UY6lRahgXN6N'),
('365', 20, '4', NULL, 'Dwi Sutanti', 'QC Field', NULL, '$2y$10$FnkJpv2rVX/NOWDE6vdGYeGqFykM/eJxI95FuwmwWXmCaF11k3d1q', '25749', '25749', 'Y', '2018-09-15 04:33:03', '2018-09-15 04:33:03', NULL),
('397', 12, '4', NULL, 'Reno Budi H', 'SPV', NULL, '$2y$10$Mq7TfiW9fcWxczu/cDnMpuA9Sn/y9wpb/PKSNwfOmWrJgCp.GwzKe', '25749', '25749', 'Y', '2018-09-15 02:13:58', '2018-09-15 03:56:42', 'N9P62MkRjWu36cxEiDrDOZ2tzJM4wOAhSixnNogS6fYz2mrUi5LBIi3gvnpy'),
('400', 20, '4', NULL, 'Suta Hambali', 'QC Field', NULL, '$2y$10$Y3o98eHWwbFMLZ5oKcq20.kKl6SUC7K8FYxql9pyn3Q35DRtoojPW', '25749', '25749', 'Y', '2018-09-15 04:25:26', '2018-09-15 04:25:26', 'hVgCwLKdMcmv25FmvFuYu3UaHIc7SYZWqqy7sRrsbt4TWMCRiGDmO3VWYNVG'),
('4315', 12, '4', NULL, 'Redyan Handoko', 'FOREMAN', NULL, '$2y$10$ETjz7pfFMvN.W27zdN2gre2tJE6PQwf5qCLCw2FsSPQya1F4M60b.', '25749', '25749', 'Y', '2018-09-15 02:15:08', '2018-09-15 03:56:47', NULL),
('4316', 12, '4', NULL, 'Dwi Ariyanto B', 'SPV', NULL, '$2y$10$JuA.TUp77FnT/D3jwaWu5.eoJi34IYphY7CWhfqSYiV2OadHrzETS', '25749', '25749', 'Y', '2018-09-15 02:15:39', '2018-09-15 03:56:54', 'c2jkTnNutu48qWQG97JzenVlwebFGkResikz9sN22GicbdbOMKViFNWpRqDz'),
('4832', 12, '4', NULL, 'Samsir Irawan', 'QC Field', NULL, '$2y$10$LHxaVukB7ZWSUq9Yhbc8rOYrX9RftSZJqCsL6R2VZXU1gE7pt/Xde', '25749', '25749', 'Y', '2018-09-15 04:26:46', '2018-09-15 04:26:46', NULL),
('490', 20, '4', NULL, 'Zulfi Marnis', 'QC Field', NULL, '$2y$10$8PuDDI2osCMJoSvqTi63JupMNvJYiVN6EF2L/P5J7WMewX6jQ8HF2', '25749', '25749', 'Y', '2018-09-15 04:24:56', '2018-09-15 04:24:56', NULL),
('4947', 21, '5', NULL, 'Elisabeth', 'QA Field', NULL, '$2y$10$E.6/Ymo8XaKKVLw/IGfXZOxsf80Jr0AMDn0K5Yq55tHQAOm7aLp5u', '25749', '25749', 'Y', '2018-09-17 01:39:27', '2018-09-17 01:39:27', NULL),
('4982', 20, '4', NULL, 'Mahmudi', 'QC Field', NULL, '$2y$10$zzKt8x6RadRVfX7y0DyNueofCHJXMoVWGiDBinSwDUBAj9RwHTz92', '25749', '25749', 'Y', '2018-09-15 04:35:41', '2018-09-15 04:35:41', NULL),
('5151', 12, '4', NULL, 'Setyoko', 'SPV', NULL, '$2y$10$DQUYl/u2D5DJAb8DPh68e.JGq7cogL/4aqLXew0annhcHAIKdcniO', '25749', '25749', 'Y', '2018-09-15 02:14:39', '2018-09-15 03:57:04', NULL),
('5664', 20, '4', NULL, 'Sopyan Handoko', 'QC Field', NULL, '$2y$10$kLpO5hG.YOYQ.P0ixhKtleHIefyM4rtMIWGVKK8YSV9hkjiq5Hnq2', '25749', '25749', 'Y', '2018-09-15 04:13:25', '2018-09-15 04:13:25', NULL),
('7148', 12, '4', NULL, 'Muhammad Ilham wahyudi', 'FOREMAN', NULL, '$2y$10$AEP1B4irA/3QthzzNoacB.3XqGOTsCskwsvSukL3Ot0DgnFr6cMDW', '25749', '25749', 'Y', '2018-09-15 02:16:40', '2018-09-15 03:57:12', NULL),
('7400', 12, '4', NULL, 'Robbi Gunawan', 'FOREMAN', NULL, '$2y$10$q02OUluMMPd69l.67BH4zuWzpRCOl1d3l0T/z2nsEEFAQild2muuu', '25749', '25749', 'Y', '2018-09-15 02:17:04', '2018-09-15 03:57:22', 'O4mM46mgXuM0AZZivH8KBerkXVyjIpZ9apwGkxq2pcFaKGA3bPBaE3o7NlWD'),
('7770', 20, '4', NULL, 'Dewini', 'QC Field', NULL, '$2y$10$BRrBDYxa1Xlw9jiiNGnG5u1nx4xpsz5QWV8Szoni3OAyaP5SXCIC2', '25749', '25749', 'Y', '2018-09-15 04:24:12', '2018-09-15 04:24:12', NULL),
('8072', 20, '4', NULL, 'Wawan Setiawan', 'QC Field', NULL, '$2y$10$A99KlaxX4/UD/yx/CIJzSen74rZnx7Ld1YF5fW3jtV7RjAQpI/y8C', '25749', '25749', 'Y', '2018-09-15 04:47:33', '2018-09-15 04:47:33', NULL),
('8767', 20, '4', NULL, 'Budi Firmansyah', 'QC Field', NULL, '$2y$10$a5V1Z5hm0VXJJ8ipWEA6J.HZMMUgUkl05w9lyx3ozt6lsaBnmHCsu', '25749', '25749', 'Y', '2018-09-15 04:13:48', '2018-09-15 04:13:48', NULL),
('8848', 20, '4', NULL, 'Ramdoni', 'QC Field', NULL, '$2y$10$3/HlBIHFF.z4kbat3brMdeivww7cJtGN0Spf/BKKVA2S9OBF4Yp7O', '25749', '25749', 'Y', '2018-09-15 04:27:10', '2018-09-15 04:27:10', '6ygHJIB5CnoJf2eaPH7wsyPPqtSBPbo5RxlSH3hYOYRX3Y6o1yAndUoLMbAh'),
('8849', 20, '4', NULL, 'Budi Dermawan', 'QC Field', NULL, '$2y$10$RQo/.0BLX2urOWDVHHyjm.nIGzrAVX2qCLnh7W2eENnHURU5vBPP2', '25749', '25749', 'Y', '2018-09-15 04:27:38', '2018-09-15 04:27:38', NULL),
('8921', 20, '4', NULL, 'Yuga Nugraha', 'QC Field', NULL, '$2y$10$z/JTY2jYVQf43OYYAvPxTOMXutxu8UYlUgziuLtxuHkMZX.bRqW9m', '25749', '25749', 'Y', '2018-09-15 04:29:10', '2018-09-15 04:29:10', 'tMTqHPy6E3jwepqkRATClCWpgTztrl54TepygvOYGHpqHGMg1sbSMw8xXwWm'),
('8923', 21, '5', NULL, 'Putri Retno Hastiningrum', 'QA Field', NULL, '$2y$10$PQO7l3ood2PHKh8TW.qAoOAxymcwisWsBBq1XQpU4.gTIXxvrgrbS', '25749', '25749', 'Y', '2018-09-17 01:40:09', '2018-09-17 01:40:09', NULL),
('9058', 21, '5', NULL, 'Khusnul Khotimah', 'QA Field', NULL, '$2y$10$ehQLWRdugdI3tGXqQwCOpOGWe42XQMWLjojEtqNN/TNcrkqF6XxGu', '25749', '25749', 'Y', '2018-09-17 01:39:05', '2018-09-17 01:39:05', NULL),
('9062', 12, '4', NULL, 'Ravi Ainul Haq', 'FOREMAN', NULL, '$2y$10$ue80i7IYjOUVSqwZXRzuNuiD7gKpTMV4iCo/4nxRgSBzyRMv2UxJa', '25749', '25749', 'Y', '2018-09-15 02:17:25', '2018-09-15 03:57:29', NULL),
('9112', 20, '4', NULL, 'Sarifodi Hia', 'QC Field', NULL, '$2y$10$KZj1ODTROxRtWFLbzScqRet.t7TObhJsFmJgdrPZ34f2SUh2YRV6i', '25749', '25749', 'Y', '2018-09-15 04:24:35', '2018-09-15 04:24:35', NULL),
('9232', 21, '5', NULL, 'Lili Sugiarti', 'QA Field', NULL, '$2y$10$vIvc4xUR8LNgHMlAE4H8LunSnxLFJxmObXNvq4G7xenFVP7QcpR.6', '25749', '25749', 'Y', '2018-09-17 01:33:12', '2018-09-17 01:33:12', '0Z8j0cYPOcPa9PexfA8z4iOCDyWxElfI6RUDhCJs2hI3tFTKDXi4TBwfZjra'),
('9324', 21, '5', NULL, 'Eko Yulianto', 'QA Field', NULL, '$2y$10$0x97z1dInYbwnyYbVS/NJuG0g6oQhGny6bZqiTtB63KDbBdAXlc8i', '25749', '25749', 'Y', '2018-09-17 01:40:48', '2018-09-17 01:40:48', 'ykrfKNzmQn081Hi7qyl5bk0X8nUhLzGxOOMTMIqvO7y3PyovOqkRBExCaCYr'),
('9439', 20, '4', NULL, 'Irsalina Izni', 'QC Field', NULL, '$2y$10$lqhjB15VR/zfSU/9MfJ/se97bvT5VTjjW4KP52xNBBbyp.XV8Y646', '25749', '25749', 'Y', '2018-09-15 04:35:17', '2018-09-15 04:35:17', 'WfCulBqXksOIbHIxPuZHh4Uy7AvadUQiTmqieXKHKwt8oRBQoH9B1jECLdk1'),
('9604', 20, '4', NULL, 'Ahmad Mahifal', 'QC Field', NULL, '$2y$10$irWQpMk5R3cmLQlsGQqh9u76JAleQnScHfd.pvB4ecSfw9QfQ1zHu', '25749', '25749', 'Y', '2018-09-15 04:29:30', '2018-09-15 04:29:30', NULL);

-- --------------------------------------------------------

--
-- Table structure for table `m_variant_product`
--

CREATE TABLE `m_variant_product` (
  `mid` varchar(20) COLLATE utf8mb4_unicode_ci NOT NULL,
  `name` varchar(255) COLLATE utf8mb4_unicode_ci NOT NULL,
  `status` enum('Y','N') COLLATE utf8mb4_unicode_ci NOT NULL,
  `jenis` enum('lokal','export') COLLATE utf8mb4_unicode_ci NOT NULL,
  `created_by` varchar(12) COLLATE utf8mb4_unicode_ci NOT NULL,
  `updated_by` varchar(12) COLLATE utf8mb4_unicode_ci NOT NULL,
  `created_at` timestamp NULL DEFAULT NULL,
  `updated_at` timestamp NULL DEFAULT NULL
) ENGINE=InnoDB DEFAULT CHARSET=utf8mb4 COLLATE=utf8mb4_unicode_ci;

--
-- Dumping data for table `m_variant_product`
--

INSERT INTO `m_variant_product` (`mid`, `name`, `status`, `jenis`, `created_by`, `updated_by`, `created_at`, `updated_at`) VALUES
('1', 'BB', 'Y', 'lokal', '25749', '25749', '2018-09-13 04:16:15', '2018-09-17 02:15:15'),
('1020030', 'EXGR', 'Y', 'export', '25749', '25749', '2018-09-17 01:40:07', '2018-09-17 01:40:07'),
('1020032', 'EXST', 'Y', 'export', '25749', '25749', '2018-09-17 01:40:33', '2018-09-17 01:40:33'),
('1020033', 'EXKA', 'Y', 'export', '25749', '25749', '2018-09-17 01:41:37', '2018-09-17 01:41:37'),
('1020043', 'EKO3KG', 'Y', 'lokal', '25749', '25749', '2018-09-17 01:42:00', '2018-09-18 01:35:50'),
('1020044', 'EXSG', 'Y', 'export', '25749', '25749', '2018-09-17 01:42:19', '2018-09-17 01:42:19'),
('1020056', 'EM36', 'Y', 'lokal', '25749', '25749', '2018-09-17 01:44:13', '2018-09-17 01:44:13'),
('1020057', 'EXKS', 'Y', 'export', '25749', '25749', '2018-09-17 01:44:39', '2018-09-17 01:44:39'),
('1020092', 'EXBS', 'Y', 'export', '25749', '25749', '2018-09-17 01:45:09', '2018-09-17 02:01:53'),
('1020093', 'EXGK', 'N', 'lokal', '25749', '25749', '2018-09-17 01:45:27', '2018-09-17 04:46:31'),
('1120081', 'SCGR', 'Y', 'lokal', '25749', '25749', '2018-09-17 01:45:39', '2018-09-17 01:45:39'),
('1120083', 'SCST', 'Y', 'lokal', '25749', '25749', '2018-09-17 01:45:56', '2018-09-17 01:45:56'),
('1120084', 'SCKS', 'Y', 'lokal', '25749', '25749', '2018-09-17 01:48:49', '2018-09-17 01:48:49'),
('1120085', 'SCBS', 'Y', 'export', '25749', '25749', '2018-09-17 01:49:28', '2018-09-17 02:01:37'),
('17000004', 'SGRM', 'Y', 'export', '25749', '25749', '2018-09-17 01:49:39', '2018-09-17 01:49:39'),
('17000012', 'SSTM', 'Y', 'export', '25749', '25749', '2018-09-17 01:51:59', '2018-09-17 01:51:59'),
('17001871', 'SPAB', 'Y', 'export', '25749', '25749', '2018-09-17 01:52:13', '2018-09-17 01:52:13'),
('17001872', 'SPGR', 'Y', 'export', '25749', '25749', '2018-09-17 01:52:31', '2018-09-17 01:52:31'),
('17001873', 'SPST', 'Y', 'export', '25749', '25749', '2018-09-17 01:52:46', '2018-09-17 01:52:46'),
('17001881', 'SASM', 'Y', 'export', '25749', '25749', '2018-09-17 02:00:22', '2018-09-17 02:00:22'),
('17002254', 'SPGR5', 'Y', 'export', '25749', '25749', '2018-09-17 02:01:05', '2018-09-17 02:01:05'),
('17002746', 'SPKK', 'Y', 'export', '25749', '25749', '2018-09-17 02:01:34', '2018-09-17 02:01:34'),
('17003008', 'SPKM', 'Y', 'export', '25749', '25749', '2018-09-17 02:02:19', '2018-09-17 02:02:19'),
('17003548', 'SSTA', 'Y', 'export', '25749', '25749', '2018-09-17 02:04:29', '2018-09-17 02:04:29'),
('17003550', 'SGRA', 'Y', 'export', '25749', '25749', '2018-09-17 02:04:50', '2018-09-17 02:04:50'),
('17003557', 'SPKK4X40', 'Y', 'export', '25749', '25749', '2018-09-17 02:05:32', '2018-09-17 02:05:32'),
('17003930', 'SABA', 'Y', 'export', '25749', '25749', '2018-09-17 02:06:30', '2018-09-17 02:06:30'),
('17004149', 'SCGE', 'N', 'export', '25749', '25749', '2018-09-17 02:07:11', '2018-09-17 04:45:22'),
('17004199', 'SCSE', 'Y', 'export', '25749', '25749', '2018-09-17 02:08:05', '2018-09-17 02:08:05'),
('17004201', 'SCKE', 'Y', 'export', '25749', '25749', '2018-09-17 02:08:22', '2018-09-17 02:08:22'),
('17004202', 'SCGE', 'Y', 'export', '25749', '25749', '2018-09-17 04:45:56', '2018-09-17 04:45:56'),
('17004203', 'SCBE', 'Y', 'export', '25749', '25749', '2018-09-17 02:12:56', '2018-09-17 02:12:56'),
('17004556', 'SMGJ', 'Y', 'export', '25749', '25749', '2018-09-17 02:13:29', '2018-09-17 02:13:29'),
('17004727', 'SCAE', 'Y', 'export', '25749', '25749', '2018-09-17 02:13:56', '2018-09-17 02:13:56'),
('20030', 'SMGR', 'Y', 'lokal', '25749', '25749', '2018-09-17 01:24:03', '2018-09-17 01:24:03'),
('20031', 'SMAB', 'Y', 'lokal', '25749', '25749', '2018-09-17 01:24:29', '2018-09-17 01:24:29'),
('20032', 'SMST', 'Y', 'lokal', '25749', '25749', '2018-09-17 01:24:52', '2018-09-17 01:24:52'),
('20033', 'SMKA', 'Y', 'lokal', '25749', '25749', '2018-09-17 01:25:11', '2018-09-17 01:25:11'),
('20044', 'SMSG', 'Y', 'lokal', '25749', '25749', '2018-09-17 01:25:30', '2018-09-17 01:25:30'),
('20050', 'SMAS', 'Y', 'lokal', '25749', '25749', '2018-09-17 01:25:43', '2018-09-17 01:25:43'),
('20057', 'SMKS', 'Y', 'lokal', '25749', '25749', '2018-09-17 01:25:52', '2018-09-17 01:25:52'),
('20082', 'SCAT', 'Y', 'lokal', '25749', '25749', '2018-09-17 01:36:38', '2018-09-17 01:36:38'),
('20088', 'SSGR', 'Y', 'lokal', '25749', '25749', '2018-09-17 01:36:55', '2018-09-17 01:36:55'),
('20089', 'SSAB', 'Y', 'lokal', '25749', '25749', '2018-09-17 01:37:10', '2018-09-17 01:37:10'),
('20091', 'SSKA', 'Y', 'lokal', '25749', '25749', '2018-09-17 01:37:42', '2018-09-17 01:37:42'),
('20092', 'SMBS', 'Y', 'lokal', '25749', '25749', '2018-09-17 01:37:55', '2018-09-17 01:37:55'),
('20093', 'SMGK', 'Y', 'lokal', '25749', '25749', '2018-09-17 01:38:09', '2018-09-17 01:38:09'),
('20098', 'EM2', 'Y', 'lokal', '25749', '25749', '2018-09-17 01:38:36', '2018-09-17 01:38:36'),
('20134', 'SMWC', 'Y', 'lokal', '25749', '25749', '2018-09-17 01:38:49', '2018-09-17 01:38:49'),
('20156', 'SMAT', 'Y', 'lokal', '25749', '25749', '2018-09-17 01:39:07', '2018-09-17 01:39:07'),
('20166', 'SSKC', 'Y', 'lokal', '25749', '25749', '2018-09-17 01:39:21', '2018-09-17 01:39:21');

-- --------------------------------------------------------

--
-- Table structure for table `t_fc`
--

CREATE TABLE `t_fc` (
  `id` int(11) NOT NULL,
  `sample_id` varchar(20) COLLATE utf8mb4_unicode_ci NOT NULL,
  `labu_isi` double(8,4) DEFAULT NULL,
  `labu_awal` double(8,4) DEFAULT NULL,
  `bobot_sample` double(8,4) DEFAULT NULL,
  `nilai` double(8,4) DEFAULT NULL,
  `created_at` timestamp NULL DEFAULT NULL,
  `updated_at` timestamp NULL DEFAULT NULL
) ENGINE=InnoDB DEFAULT CHARSET=utf8mb4 COLLATE=utf8mb4_unicode_ci;

--
-- Dumping data for table `t_fc`
--

INSERT INTO `t_fc` (`id`, `sample_id`, `labu_isi`, `labu_awal`, `bobot_sample`, `nilai`, `created_at`, `updated_at`) VALUES
(1, 'MIE180918001', NULL, NULL, NULL, NULL, '2018-09-18 02:15:58', '2018-09-18 02:15:58'),
(2, 'MIE180918002', 104.9714, 104.5697, 2.0787, 19.3200, '2018-09-18 02:16:15', '2018-09-18 03:36:13'),
(3, 'MIE180918003', 109.8362, 109.4455, 2.0109, 19.4300, '2018-09-18 02:16:24', '2018-09-18 03:36:13'),
(4, 'MIE180918004', 0.0000, 0.0000, 0.0000, 0.0000, '2018-09-18 02:16:51', '2018-09-18 03:42:31'),
(5, 'MIE180918005', 0.0000, 0.0000, 0.0000, 0.0000, '2018-09-18 02:17:10', '2018-09-18 03:21:11'),
(6, 'MIE180918006', 0.0000, 0.0000, 0.0000, 0.0000, '2018-09-18 02:17:17', '2018-09-18 03:21:12'),
(7, 'MIE180918007', 105.6560, 105.2487, 2.0431, 19.9400, '2018-09-18 02:17:27', '2018-09-18 03:41:45'),
(8, 'MIE180918008', 0.0000, 0.0000, 0.0000, 0.0000, '2018-09-18 02:17:36', '2018-09-18 03:21:12'),
(9, 'MIE180918009', 0.0000, 0.0000, 0.0000, 0.0000, '2018-09-18 02:17:45', '2018-09-18 03:21:12'),
(10, 'MIE180918010', 106.4387, 106.0483, 2.0480, 19.0600, '2018-09-18 02:17:58', '2018-09-18 03:41:45'),
(11, 'MIE180918011', 108.7956, 108.4302, 2.0791, 17.5700, '2018-09-18 02:18:31', '2018-09-18 04:19:42'),
(12, 'MIE180918012', 0.0000, 0.0000, 0.0000, 0.0000, '2018-09-18 02:19:35', '2018-09-18 03:21:14'),
(13, 'MIE180918013', 0.0000, 0.0000, 0.0000, 0.0000, '2018-09-18 02:19:41', '2018-09-18 03:21:13'),
(14, 'MIE180918014', 0.0000, 0.0000, 0.0000, 0.0000, '2018-09-18 02:19:45', '2018-09-18 03:21:13'),
(15, 'MIE180918015', 0.0000, 0.0000, 0.0000, 0.0000, '2018-09-18 03:47:55', '2018-09-18 14:10:08'),
(16, 'MIE180918016', 108.7290, 108.3806, 2.0635, 16.8800, '2018-09-18 08:29:31', '2018-09-18 14:10:09'),
(17, 'MIE180918017', 107.1605, 106.7745, 2.0578, 18.7600, '2018-09-18 08:29:40', '2018-09-18 14:10:09'),
(18, 'MIE180918018', 106.3830, 106.0104, 2.0499, 18.1800, '2018-09-18 08:29:46', '2018-09-18 14:10:09'),
(19, 'MIE180918019', 0.0000, 0.0000, 0.0000, 0.0000, '2018-09-18 08:29:51', '2018-09-18 14:10:09'),
(20, 'MIE180918020', 0.0000, 0.0000, 0.0000, 0.0000, '2018-09-18 08:29:59', '2018-09-18 14:10:10'),
(21, 'MIE180918021', 109.8465, 109.4727, 2.0086, 18.6100, '2018-09-18 08:30:24', '2018-09-18 14:10:10'),
(22, 'MIE180918022', 0.0000, 0.0000, 0.0000, 0.0000, '2018-09-18 08:30:28', '2018-09-18 14:10:10'),
(23, 'MIE180918023', NULL, NULL, NULL, NULL, '2018-09-18 08:30:32', '2018-09-18 08:30:32'),
(24, 'MIE180918024', 0.0000, 0.0000, 0.0000, 0.0000, '2018-09-18 08:30:40', '2018-09-18 14:10:10'),
(25, 'MIE180918025', 0.0000, 0.0000, 0.0000, 0.0000, '2018-09-18 08:30:52', '2018-09-18 14:10:10'),
(26, 'MIE180918026', 0.0000, 0.0000, 0.0000, 0.0000, '2018-09-18 08:30:56', '2018-09-18 14:10:10'),
(27, 'MIE180918027', 0.0000, 0.0000, 0.0000, 0.0000, '2018-09-18 08:31:00', '2018-09-18 14:10:11'),
(28, 'MIE180918028', 108.7871, 108.3946, 2.0802, 18.8700, '2018-09-18 08:31:11', '2018-09-18 14:10:11'),
(29, 'MIE180918029', 0.0000, 0.0000, 0.0000, 0.0000, '2018-09-18 08:31:31', '2018-09-18 14:10:11'),
(30, 'MIE180919030', 108.7470, 108.3842, 2.0647, 17.5700, '2018-09-19 03:22:13', '2018-09-19 07:59:24'),
(31, 'MIE180919031', 107.1975, 106.8257, 2.0646, 18.0100, '2018-09-19 03:22:19', '2018-09-19 07:59:24'),
(32, 'MIE180919032', 109.0188, 108.6288, 2.1567, 18.0800, '2018-09-19 03:22:25', '2018-09-19 07:59:25'),
(33, 'MIE180919033', 50.5693, 50.1245, 2.1531, 20.6600, '2018-09-19 09:10:59', '2018-09-20 06:21:30'),
(34, 'MIE180920034', 53.5989, 53.2543, 2.0184, 17.0700, '2018-09-20 04:26:00', '2018-09-20 06:09:11'),
(35, 'MIE180920035', 0.0000, 0.0000, 0.0000, 0.0000, '2018-09-20 04:26:08', '2018-09-20 06:20:25'),
(36, 'MIE180920036', 46.6893, 46.3251, 2.1253, 17.1400, '2018-09-20 04:26:13', '2018-09-20 06:09:11');

-- --------------------------------------------------------

--
-- Table structure for table `t_ffa`
--

CREATE TABLE `t_ffa` (
  `id` int(20) NOT NULL,
  `sample_id` varchar(20) COLLATE utf8mb4_unicode_ci NOT NULL,
  `tangki` enum('BKA','BKB','MP','BB') COLLATE utf8mb4_unicode_ci DEFAULT NULL,
  `volume_titrasi` double(8,4) DEFAULT NULL,
  `bobot_sample` double(8,4) DEFAULT NULL,
  `normalitas` double(8,4) DEFAULT NULL,
  `faktor` double(8,4) DEFAULT NULL,
  `nilai` double(8,4) DEFAULT NULL,
  `used` enum('Y','N') COLLATE utf8mb4_unicode_ci DEFAULT NULL,
  `created_at` timestamp NULL DEFAULT NULL,
  `updated_at` timestamp NULL DEFAULT NULL
) ENGINE=InnoDB DEFAULT CHARSET=utf8mb4 COLLATE=utf8mb4_unicode_ci;

--
-- Dumping data for table `t_ffa`
--

INSERT INTO `t_ffa` (`id`, `sample_id`, `tangki`, `volume_titrasi`, `bobot_sample`, `normalitas`, `faktor`, `nilai`, `used`, `created_at`, `updated_at`) VALUES
(1, 'MYK180917001', 'MP', 0.7100, 10.2310, 0.1023, 25.6000, 0.1817, NULL, '2018-09-17 08:10:31', '2018-09-18 02:47:19'),
(2, 'MYK180918002', 'BB', 1.0300, 56.4021, 0.1023, 25.6000, 0.0478, NULL, '2018-09-18 01:46:48', '2018-09-18 02:47:18'),
(3, 'MYK180918003', 'BKA', NULL, NULL, NULL, NULL, NULL, NULL, '2018-09-18 01:49:24', '2018-09-18 01:49:24'),
(4, 'MYK180918004', 'BKB', NULL, NULL, NULL, NULL, NULL, NULL, '2018-09-18 01:50:02', '2018-09-18 01:50:02'),
(5, 'MYK180918005', 'MP', NULL, NULL, NULL, NULL, NULL, NULL, '2018-09-18 01:51:03', '2018-09-18 01:51:03'),
(6, 'MYK180918006', 'MP', 0.3100, 10.0483, 0.1023, 25.6000, 0.0808, NULL, '2018-09-18 02:00:23', '2018-09-18 02:47:18'),
(7, 'MYK180918007', 'MP', 0.4200, 10.0235, 0.1023, 25.6000, 0.1097, 'Y', '2018-09-18 02:00:39', '2018-09-18 02:47:18'),
(8, 'MYK180918008', 'MP', 0.4200, 10.1417, 0.1023, 25.6000, 0.1085, NULL, '2018-09-18 02:02:08', '2018-09-18 02:47:19'),
(9, 'MYK180918009', 'BKB', 0.4100, 10.1678, 0.1023, 25.6000, 0.1056, NULL, '2018-09-18 02:20:18', '2018-09-18 02:47:19'),
(10, 'MYK180918010', 'MP', NULL, NULL, NULL, NULL, NULL, NULL, '2018-09-18 02:20:33', '2018-09-18 02:20:33'),
(11, 'MYK180918011', 'MP', NULL, NULL, NULL, NULL, NULL, NULL, '2018-09-18 02:20:37', '2018-09-18 02:20:37'),
(12, 'MYK180918007', 'MP', 0.4200, 10.7130, 0.1023, 25.6000, 0.0000, 'N', '2018-09-18 02:50:00', '2018-09-18 02:50:00'),
(13, 'MYK180918012', 'MP', 0.4200, 10.0271, 0.1023, 25.6000, 0.1097, NULL, '2018-09-18 02:55:35', '2018-09-18 03:02:46'),
(14, 'MYK180918013', 'MP', 0.3700, 10.1480, 0.1023, 25.6000, 0.0955, NULL, '2018-09-18 03:16:59', '2018-09-18 04:05:05'),
(15, 'MYK180918014', 'MP', 0.4000, 10.0337, 0.1023, 25.6000, 0.1044, NULL, '2018-09-18 03:17:04', '2018-09-18 04:05:06'),
(16, 'MYK180918015', 'MP', 0.5200, 10.0488, 0.1023, 25.6000, 0.1355, 'Y', '2018-09-18 03:34:40', '2018-09-18 04:05:06'),
(17, 'MYK180918015', 'MP', 0.5200, 10.0488, 0.1023, 25.6000, 0.0000, 'N', '2018-09-18 04:09:02', '2018-09-18 04:09:02'),
(18, 'MYK180918016', 'MP', 0.3100, 10.0527, 0.1023, 25.6000, 0.0808, NULL, '2018-09-18 04:26:58', '2018-09-18 06:16:53'),
(19, 'MYK180918017', 'MP', 0.3700, 10.0461, 0.1023, 25.6000, 0.0965, NULL, '2018-09-18 04:34:46', '2018-09-18 06:16:53'),
(20, 'MYK180918018', 'MP', 0.3500, 10.0610, 0.1023, 25.6000, 0.0911, NULL, '2018-09-18 04:40:08', '2018-09-18 06:16:53'),
(23, 'MYK180918021', 'MP', 0.4500, 10.1240, 0.1023, 25.6000, 0.1164, NULL, '2018-09-18 06:21:07', '2018-09-18 06:56:46'),
(25, 'MYK180918022', 'MP', 0.3800, 10.1519, 0.1023, 25.6000, 0.0980, NULL, '2018-09-18 07:10:18', '2018-09-18 07:20:03'),
(26, 'MYK180918023', 'MP', 0.4900, 10.0778, 0.1023, 25.6000, 0.1273, NULL, '2018-09-18 07:10:25', '2018-09-18 07:20:03'),
(27, 'MYK180918024', 'MP', 0.3400, 10.0312, 0.1023, 25.6000, 0.0888, NULL, '2018-09-18 07:27:28', '2018-09-18 07:57:38'),
(28, 'MYK180918025', 'MP', 0.5300, 10.0838, 0.1023, 25.6000, 0.1376, NULL, '2018-09-18 07:27:34', '2018-09-18 07:57:39'),
(29, 'MYK180918026', 'MP', 0.4900, 10.0606, 0.1023, 25.6000, 0.1276, NULL, '2018-09-18 07:27:39', '2018-09-18 07:57:39'),
(30, 'MYK180918027', 'MP', NULL, NULL, NULL, NULL, NULL, NULL, '2018-09-18 08:11:50', '2018-09-18 08:11:50'),
(31, 'MYK180918028', 'MP', NULL, NULL, NULL, NULL, NULL, NULL, '2018-09-18 08:12:17', '2018-09-18 08:12:17'),
(32, 'MYK180918029', 'MP', NULL, NULL, NULL, NULL, NULL, NULL, '2018-09-18 08:12:59', '2018-09-18 08:12:59'),
(33, 'MYK180918030', 'MP', NULL, NULL, NULL, NULL, NULL, NULL, '2018-09-18 08:13:14', '2018-09-18 08:13:14'),
(34, 'MYK180918031', 'MP', NULL, NULL, NULL, NULL, NULL, NULL, '2018-09-18 08:13:29', '2018-09-18 08:13:29'),
(35, 'MYK180918032', 'MP', 0.4200, 10.1218, 0.1010, 25.6000, 0.1073, NULL, '2018-09-18 09:46:47', '2018-09-18 10:01:07'),
(36, 'MYK180918033', 'MP', 0.4100, 10.1246, 0.1010, 25.6000, 0.1047, 'Y', '2018-09-18 09:47:02', '2018-09-18 10:07:48'),
(37, 'MYK180918034', 'MP', 0.3600, 10.0144, 0.1010, 25.6000, 0.0929, NULL, '2018-09-18 09:47:11', '2018-09-18 10:01:07'),
(38, 'MYK180918033', 'MP', 0.0000, 0.0000, 0.1010, 25.6000, 0.0000, 'N', '2018-09-18 10:07:47', '2018-09-18 10:07:47'),
(39, 'MYK180918035', 'MP', 0.4300, 10.1201, 0.1010, 25.6000, 0.1099, NULL, '2018-09-18 11:03:20', '2018-09-18 11:25:17'),
(40, 'MYK180918036', 'MP', 0.6200, 10.0836, 0.1010, 25.6000, 0.1590, NULL, '2018-09-18 11:03:29', '2018-09-18 11:25:18'),
(41, 'MYK180918037', 'MP', 0.3900, 10.1158, 0.1010, 25.6000, 0.0997, NULL, '2018-09-18 11:03:37', '2018-09-18 11:25:18'),
(42, 'MYK180918038', 'MP', NULL, NULL, NULL, NULL, NULL, NULL, '2018-09-18 12:29:47', '2018-09-18 12:29:47'),
(43, 'MYK180918039', 'MP', 0.3700, 10.1004, 0.1010, 25.6000, 0.0947, 'Y', '2018-09-18 12:30:43', '2018-09-18 14:26:48'),
(44, 'MYK180918040', 'MP', 0.4200, 10.1418, 0.1010, 25.6000, 0.1071, NULL, '2018-09-18 12:30:52', '2018-09-18 13:52:51'),
(45, 'MYK180918041', 'MP', 0.4300, 10.0546, 0.1010, 25.6000, 0.1106, NULL, '2018-09-18 12:31:02', '2018-09-18 13:52:51'),
(46, 'MYK180918039', 'MP', 0.3700, 10.1004, 0.1010, 25.6000, 0.0947, 'N', '2018-09-18 13:52:51', '2018-09-18 14:26:48'),
(47, 'MYK180918042', 'MP', 0.4000, 10.0846, 0.1010, 25.6000, 0.1026, NULL, '2018-09-18 14:03:21', '2018-09-18 14:26:48'),
(48, 'MYK180918043', 'MP', 0.4800, 10.1002, 0.1010, 25.6000, 0.1229, NULL, '2018-09-18 14:03:28', '2018-09-18 14:26:49'),
(49, 'MYK180918044', 'MP', 0.5200, 10.1062, 0.1010, 25.6000, 0.1330, NULL, '2018-09-18 14:03:34', '2018-09-18 14:26:49'),
(50, 'MYK180918045', 'MP', 0.4700, 10.1984, 0.1010, 25.6000, 0.1192, NULL, '2018-09-18 15:35:51', '2018-09-18 15:48:55'),
(51, 'MYK180918046', 'MP', 0.4100, 10.0518, 0.1010, 25.6000, 0.1055, NULL, '2018-09-18 15:36:01', '2018-09-18 15:48:55'),
(52, 'MYK180918047', 'MP', 0.4000, 10.0631, 0.1010, 25.6000, 0.1028, NULL, '2018-09-18 15:36:08', '2018-09-18 15:48:55'),
(53, 'MYK180919048', 'MP', 0.3900, 10.1095, 0.1010, 25.6000, 0.0997, 'Y', '2018-09-19 03:13:28', '2018-09-19 03:19:21'),
(54, 'MYK180919049', 'MP', 0.4200, 10.0673, 0.1010, 25.6000, 0.1079, NULL, '2018-09-19 03:14:06', '2018-09-19 03:19:22'),
(55, 'MYK180919050', 'MP', 0.3400, 10.0773, 0.1010, 25.6000, 0.0872, NULL, '2018-09-19 03:16:24', '2018-09-19 04:07:26'),
(56, 'MYK180919051', 'BKA', 0.4000, 10.1778, 0.1010, 25.6000, 0.1016, NULL, '2018-09-19 03:16:32', '2018-09-19 04:17:31'),
(57, 'MYK180919052', 'BKB', 0.4000, 10.0509, 0.1010, 25.6000, 0.1029, NULL, '2018-09-19 03:16:39', '2018-09-19 04:17:31'),
(58, 'MYK180919053', 'MP', 0.3500, 10.0377, 0.1010, 25.6000, 0.0902, 'Y', '2018-09-19 03:16:48', '2018-09-19 04:17:30'),
(59, 'MYK180919054', 'BKA', NULL, NULL, NULL, NULL, NULL, NULL, '2018-09-19 03:16:55', '2018-09-19 03:16:55'),
(60, 'MYK180919055', 'BKB', NULL, NULL, NULL, NULL, NULL, NULL, '2018-09-19 03:17:02', '2018-09-19 03:17:02'),
(61, 'MYK180919056', 'MP', 0.3600, 10.0028, 0.1010, 25.6000, 0.0931, NULL, '2018-09-19 03:17:29', '2018-09-19 04:07:26'),
(62, 'MYK180919057', 'BKA', 0.4000, 10.0829, 0.1010, 25.6000, 0.1026, NULL, '2018-09-19 03:17:35', '2018-09-19 04:07:27'),
(63, 'MYK180919058', 'BKB', NULL, NULL, NULL, NULL, NULL, NULL, '2018-09-19 03:17:40', '2018-09-19 03:17:40'),
(64, 'MYK180919048', 'MP', 0.3900, 10.1095, 0.1010, 25.6000, 0.0997, 'N', '2018-09-19 03:19:21', '2018-09-19 03:19:21'),
(65, 'MYK180919059', 'BB', 1.1200, 56.4258, 0.1010, 25.6000, 0.0513, NULL, '2018-09-19 03:23:42', '2018-09-19 04:07:25'),
(66, 'MYK180919053', 'MP', 0.3500, 10.0377, 0.1010, 25.6000, 0.0902, 'N', '2018-09-19 04:17:30', '2018-09-19 04:17:30'),
(67, 'MYK180919053', 'MP', 0.3500, 10.0377, 0.1010, 25.6000, 0.0902, 'N', '2018-09-19 04:17:30', '2018-09-19 04:17:30'),
(68, 'MYK180919060', 'BKB', NULL, NULL, NULL, NULL, NULL, NULL, '2018-09-19 04:23:00', '2018-09-19 04:23:00'),
(69, 'MYK180919061', 'MP', 0.4300, 10.1622, 0.1010, 25.6000, 0.1094, NULL, '2018-09-19 04:26:07', '2018-09-19 07:15:29'),
(70, 'MYK180919062', 'BKA', NULL, NULL, NULL, NULL, NULL, NULL, '2018-09-19 04:26:14', '2018-09-19 04:26:14'),
(71, 'MYK180919063', 'BKB', NULL, NULL, NULL, NULL, NULL, NULL, '2018-09-19 04:26:22', '2018-09-19 04:26:22'),
(72, 'MYK180919064', 'MP', 0.4900, 10.1116, 0.1010, 25.6000, 0.1253, NULL, '2018-09-19 04:26:29', '2018-09-19 07:15:29'),
(73, 'MYK180919065', 'BKA', NULL, NULL, NULL, NULL, NULL, NULL, '2018-09-19 04:26:47', '2018-09-19 04:26:47'),
(74, 'MYK180919066', 'BKB', NULL, NULL, NULL, NULL, NULL, NULL, '2018-09-19 04:26:55', '2018-09-19 04:26:55'),
(75, 'MYK180919067', 'MP', NULL, NULL, NULL, NULL, NULL, NULL, '2018-09-19 04:27:06', '2018-09-19 04:27:06'),
(76, 'MYK180919068', 'BKA', NULL, NULL, NULL, NULL, NULL, NULL, '2018-09-19 04:27:12', '2018-09-19 04:27:12'),
(77, 'MYK180919069', 'BKB', NULL, NULL, NULL, NULL, NULL, NULL, '2018-09-19 04:27:19', '2018-09-19 04:27:19'),
(78, 'MYK180919070', 'MP', NULL, NULL, NULL, NULL, NULL, NULL, '2018-09-19 09:16:12', '2018-09-19 09:16:12'),
(79, 'MYK180919071', 'MP', NULL, NULL, NULL, NULL, NULL, NULL, '2018-09-19 09:16:26', '2018-09-19 09:16:26'),
(80, 'MYK180919072', 'MP', NULL, NULL, NULL, NULL, NULL, NULL, '2018-09-19 09:16:36', '2018-09-19 09:16:36'),
(81, 'MYK180919073', 'MP', NULL, NULL, NULL, NULL, NULL, NULL, '2018-09-19 09:16:50', '2018-09-19 09:16:50'),
(82, 'MYK180919074', 'MP', 0.6700, 10.2153, 0.1019, 25.6000, 0.1711, NULL, '2018-09-19 09:17:28', '2018-09-20 06:19:46'),
(83, 'MYK180919075', 'MP', 0.9800, 10.2154, 0.1019, 25.6000, 0.2503, NULL, '2018-09-19 09:17:36', '2018-09-20 06:19:47'),
(84, 'MYK180919076', 'BKB', 0.8900, 10.2154, 0.1019, 25.6000, 0.2273, NULL, '2018-09-19 09:17:49', '2018-09-20 06:19:47'),
(85, 'MYK180919077', 'BKA', 0.9600, 10.1244, 0.1019, 25.6000, 0.2474, NULL, '2018-09-19 09:18:08', '2018-09-20 06:19:47'),
(86, 'MYK180919078', 'BKB', NULL, NULL, NULL, NULL, NULL, NULL, '2018-09-19 09:21:06', '2018-09-19 09:21:06'),
(87, 'MYK180919079', 'BKB', NULL, NULL, NULL, NULL, NULL, NULL, '2018-09-19 09:21:19', '2018-09-19 09:21:19'),
(88, 'MYK180920080', 'MP', 0.8000, 10.0328, 0.1010, 25.6000, 0.2062, 'N', '2018-09-20 04:24:57', '2018-09-20 04:41:17'),
(89, 'MYK180920081', 'MP', 0.5800, 10.0325, 0.1010, 25.6000, 0.1495, 'N', '2018-09-20 04:25:07', '2018-09-20 04:52:19'),
(90, 'MYK180920082', 'MP', 0.4500, 10.2315, 0.1019, 25.6000, 0.1147, NULL, '2018-09-20 04:25:15', '2018-09-20 06:19:46'),
(91, 'MYK180920083', 'BKB', 0.9800, 10.3254, 0.1019, 25.6000, 0.2476, NULL, '2018-09-20 04:25:23', '2018-09-20 06:19:46'),
(92, 'MYK180920084', 'BKA', 0.9700, 10.2135, 0.1019, 25.6000, 0.2477, NULL, '2018-09-20 04:25:31', '2018-09-20 06:19:46'),
(93, 'MYK180920080', 'MP', 0.8000, 10.0328, 0.1010, 25.6000, 0.2062, 'N', '2018-09-20 04:35:52', '2018-09-20 04:41:17'),
(94, 'MYK180920080', 'MP', 0.8000, 10.0328, 0.1010, 25.6000, 0.2062, 'Y', '2018-09-20 04:35:52', '2018-09-20 04:41:17'),
(95, 'MYK180920081', 'MP', 0.5800, 10.0325, 0.1010, 25.6000, 0.1495, 'N', '2018-09-20 04:47:00', '2018-09-20 04:52:19'),
(96, 'MYK180920081', 'MP', 0.5800, 10.0325, 0.1010, 25.6000, 0.1495, 'Y', '2018-09-20 04:52:18', '2018-09-20 04:52:18'),
(97, 'MYK180920085', 'MP', 0.8700, 10.0153, 0.1019, 25.6000, 0.2266, 'Y', '2018-09-20 07:39:09', '2018-09-20 07:40:32'),
(98, 'MYK180920085', 'MP', 0.8700, 10.0153, 0.1019, 25.6000, 0.2266, 'N', '2018-09-20 07:40:32', '2018-09-20 07:40:32');

-- --------------------------------------------------------

--
-- Table structure for table `t_ka`
--

CREATE TABLE `t_ka` (
  `id` int(11) NOT NULL,
  `sample_id` varchar(20) COLLATE utf8mb4_unicode_ci NOT NULL,
  `w0` double(8,4) DEFAULT NULL,
  `w1` double(8,4) DEFAULT NULL,
  `w2` double(8,4) DEFAULT NULL,
  `nilai` double(8,4) DEFAULT NULL,
  `created_at` timestamp NULL DEFAULT NULL,
  `updated_at` timestamp NULL DEFAULT NULL
) ENGINE=InnoDB DEFAULT CHARSET=utf8mb4 COLLATE=utf8mb4_unicode_ci;

--
-- Dumping data for table `t_ka`
--

INSERT INTO `t_ka` (`id`, `sample_id`, `w0`, `w1`, `w2`, `nilai`, `created_at`, `updated_at`) VALUES
(1, 'MIE180918001', NULL, NULL, NULL, NULL, '2018-09-18 02:15:58', '2018-09-18 02:15:58'),
(2, 'MIE180918002', 18.3415, 20.3727, 20.3156, 2.8100, '2018-09-18 02:16:15', '2018-09-18 03:21:11'),
(3, 'MIE180918003', 18.6330, 20.6934, 20.6414, 2.5200, '2018-09-18 02:16:23', '2018-09-18 03:21:10'),
(4, 'MIE180918004', 19.0677, 21.1619, 21.1123, 2.3700, '2018-09-18 02:16:50', '2018-09-18 03:21:11'),
(5, 'MIE180918005', 23.1015, 25.1226, 25.0645, 2.8700, '2018-09-18 02:17:10', '2018-09-18 03:21:12'),
(6, 'MIE180918006', 19.1091, 21.1948, 21.1492, 2.1900, '2018-09-18 02:17:17', '2018-09-18 03:21:12'),
(7, 'MIE180918007', 18.0653, 20.1057, 20.0652, 1.9800, '2018-09-18 02:17:27', '2018-09-18 03:21:12'),
(8, 'MIE180918008', 19.4237, 21.4550, 21.4070, 2.3600, '2018-09-18 02:17:34', '2018-09-18 03:21:12'),
(9, 'MIE180918009', 24.4354, 26.4671, 26.4165, 2.4900, '2018-09-18 02:17:45', '2018-09-18 03:21:12'),
(10, 'MIE180918010', 18.9619, 20.9692, 20.9139, 2.7500, '2018-09-18 02:17:58', '2018-09-18 03:21:12'),
(11, 'MIE180918011', 18.2725, 20.3019, 20.2630, 1.9200, '2018-09-18 02:18:28', '2018-09-18 03:21:13'),
(12, 'MIE180918012', 18.3297, 20.3850, 20.3394, 2.2200, '2018-09-18 02:19:35', '2018-09-18 03:21:14'),
(13, 'MIE180918013', 23.9505, 25.9703, 25.9182, 2.5800, '2018-09-18 02:19:41', '2018-09-18 03:21:13'),
(14, 'MIE180918014', 19.2392, 21.2670, 21.2078, 2.9200, '2018-09-18 02:19:45', '2018-09-18 03:21:13'),
(15, 'MIE180918015', 18.6339, 20.6716, 20.6233, 2.3700, '2018-09-18 03:47:55', '2018-09-18 14:10:09'),
(16, 'MIE180918016', 18.6339, 20.6716, 20.6233, 2.3700, '2018-09-18 08:29:31', '2018-09-18 14:10:09'),
(17, 'MIE180918017', 18.3379, 20.3809, 20.3298, 2.5000, '2018-09-18 08:29:40', '2018-09-18 14:10:09'),
(18, 'MIE180918018', 18.9370, 20.9756, 20.9311, 2.1800, '2018-09-18 08:29:46', '2018-09-18 14:10:09'),
(19, 'MIE180918019', 25.1965, 27.2137, 27.1667, 2.3300, '2018-09-18 08:29:51', '2018-09-18 14:10:09'),
(20, 'MIE180918020', 18.9363, 20.9804, 20.9382, 2.0600, '2018-09-18 08:29:59', '2018-09-18 14:10:10'),
(21, 'MIE180918021', 19.6954, 21.7399, 21.7005, 1.9300, '2018-09-18 08:30:24', '2018-09-18 14:10:10'),
(22, 'MIE180918022', 19.4241, 21.4525, 21.4089, 2.1500, '2018-09-18 08:30:28', '2018-09-18 14:10:10'),
(23, 'MIE180918023', NULL, NULL, NULL, NULL, '2018-09-18 08:30:32', '2018-09-18 08:30:32'),
(24, 'MIE180918024', 18.9032, 20.9509, 20.9055, 2.2200, '2018-09-18 08:30:40', '2018-09-18 14:10:10'),
(25, 'MIE180918025', 18.9625, 21.0915, 21.0348, 2.6600, '2018-09-18 08:30:52', '2018-09-18 14:10:10'),
(26, 'MIE180918026', 19.2379, 21.2833, 21.2367, 2.2800, '2018-09-18 08:30:56', '2018-09-18 14:10:11'),
(27, 'MIE180918027', 18.8416, 20.8779, 20.8290, 2.4000, '2018-09-18 08:31:00', '2018-09-18 14:10:11'),
(28, 'MIE180918028', 24.6487, 26.6971, 26.6367, 2.9500, '2018-09-18 08:31:11', '2018-09-18 14:10:11'),
(29, 'MIE180918029', 18.3307, 20.3794, 20.3326, 2.2800, '2018-09-18 08:31:31', '2018-09-18 14:10:11'),
(30, 'MIE180919030', 18.7616, 20.8110, 20.7790, 1.5600, '2018-09-19 03:22:13', '2018-09-19 03:52:48'),
(31, 'MIE180919031', 19.0384, 21.1743, 21.1362, 1.7800, '2018-09-19 03:22:19', '2018-09-19 06:38:17'),
(32, 'MIE180919032', 19.0681, 21.1618, 21.1326, 1.3900, '2018-09-19 03:22:25', '2018-09-19 06:38:18'),
(33, 'MIE180919033', 51.0271, 53.0271, 52.9990, 1.4000, '2018-09-19 09:10:59', '2018-09-19 09:12:15'),
(34, 'MIE180920034', 51.0271, 53.0271, 53.0001, 1.3500, '2018-09-20 04:26:00', '2018-09-20 06:05:28'),
(35, 'MIE180920035', 51.0215, 53.1253, 53.0812, 2.1000, '2018-09-20 04:26:08', '2018-09-20 06:20:25'),
(36, 'MIE180920036', 45.2654, 47.2135, 47.1289, 4.3400, '2018-09-20 04:26:13', '2018-09-20 06:05:28');

-- --------------------------------------------------------

--
-- Table structure for table `t_pv`
--

CREATE TABLE `t_pv` (
  `id` int(10) NOT NULL,
  `sample_id` varchar(20) COLLATE utf8mb4_unicode_ci NOT NULL,
  `tangki` enum('BKA','BKB','MP','BB') COLLATE utf8mb4_unicode_ci NOT NULL,
  `volume_titrasi` double(8,4) DEFAULT NULL,
  `bobot_sample` double(8,4) DEFAULT NULL,
  `normalitas` double(8,4) DEFAULT NULL,
  `faktor` double(8,4) DEFAULT NULL,
  `nilai` double(8,4) DEFAULT NULL,
  `used` enum('Y','N') COLLATE utf8mb4_unicode_ci DEFAULT NULL,
  `created_at` timestamp NULL DEFAULT NULL,
  `updated_at` timestamp NULL DEFAULT NULL
) ENGINE=InnoDB DEFAULT CHARSET=utf8mb4 COLLATE=utf8mb4_unicode_ci;

--
-- Dumping data for table `t_pv`
--

INSERT INTO `t_pv` (`id`, `sample_id`, `tangki`, `volume_titrasi`, `bobot_sample`, `normalitas`, `faktor`, `nilai`, `used`, `created_at`, `updated_at`) VALUES
(1, 'MYK180917001', 'MP', 1.2100, 5.0812, 0.0102, 1000.0000, 2.4300, NULL, '2018-09-17 08:10:31', '2018-09-18 02:47:19'),
(2, 'MYK180918002', 'BB', 0.2800, 5.0321, 0.0102, 1000.0000, 0.5700, NULL, '2018-09-18 01:46:48', '2018-09-18 02:47:18'),
(3, 'MYK180918003', 'BKA', NULL, NULL, NULL, NULL, NULL, NULL, '2018-09-18 01:49:24', '2018-09-18 01:49:24'),
(4, 'MYK180918004', 'BKB', NULL, NULL, NULL, NULL, NULL, NULL, '2018-09-18 01:49:53', '2018-09-18 01:49:53'),
(5, 'MYK180918005', 'MP', NULL, NULL, NULL, NULL, NULL, NULL, '2018-09-18 01:51:03', '2018-09-18 01:51:03'),
(6, 'MYK180918006', 'MP', 1.7100, 5.1805, 0.0102, 1000.0000, 3.3700, NULL, '2018-09-18 02:00:23', '2018-09-18 02:47:18'),
(7, 'MYK180918007', 'MP', 1.5100, 5.0550, 0.0102, 1000.0000, 3.0500, 'Y', '2018-09-18 02:00:39', '2018-09-18 02:47:18'),
(8, 'MYK180918008', 'MP', 1.8700, 5.0934, 0.0102, 1000.0000, 3.7400, NULL, '2018-09-18 02:02:08', '2018-09-18 02:47:19'),
(9, 'MYK180918009', 'BKB', 1.5800, 5.0728, 0.0102, 1000.0000, 3.1800, NULL, '2018-09-18 02:20:18', '2018-09-18 02:47:19'),
(10, 'MYK180918010', 'MP', NULL, NULL, NULL, NULL, NULL, NULL, '2018-09-18 02:20:33', '2018-09-18 02:20:33'),
(11, 'MYK180918011', 'MP', NULL, NULL, NULL, NULL, NULL, NULL, '2018-09-18 02:20:37', '2018-09-18 02:20:37'),
(12, 'MYK180918007', 'MP', 1.5600, 5.0252, 0.0102, 1000.0000, 0.0000, 'N', '2018-09-18 02:50:00', '2018-09-18 02:50:00'),
(13, 'MYK180918012', 'MP', 1.9800, 5.0157, 0.0102, 1000.0000, 4.0300, NULL, '2018-09-18 02:55:35', '2018-09-18 03:02:46'),
(14, 'MYK180918013', 'MP', 2.8500, 5.1387, 0.0102, 1000.0000, 5.6600, NULL, '2018-09-18 03:16:58', '2018-09-18 04:05:05'),
(15, 'MYK180918014', 'MP', 1.3900, 5.0914, 0.0102, 1000.0000, 2.7800, NULL, '2018-09-18 03:17:04', '2018-09-18 04:05:06'),
(16, 'MYK180918015', 'MP', 1.2800, 5.0285, 0.0102, 1000.0000, 2.6000, 'Y', '2018-09-18 03:34:40', '2018-09-18 04:05:06'),
(17, 'MYK180918015', 'MP', 1.2800, 5.0285, 0.0102, 1000.0000, 0.0000, 'N', '2018-09-18 04:09:02', '2018-09-18 04:09:02'),
(18, 'MYK180918016', 'MP', 1.7000, 5.0909, 0.0102, 1000.0000, 3.4100, NULL, '2018-09-18 04:26:58', '2018-09-18 06:16:53'),
(19, 'MYK180918017', 'MP', 1.5900, 5.1095, 0.0102, 1000.0000, 3.1700, NULL, '2018-09-18 04:34:46', '2018-09-18 06:16:53'),
(20, 'MYK180918018', 'MP', 1.5500, 5.0559, 0.0102, 1000.0000, 3.1300, NULL, '2018-09-18 04:40:08', '2018-09-18 06:16:53'),
(23, 'MYK180918021', 'MP', 1.7400, 5.0886, 0.0102, 1000.0000, 3.4900, NULL, '2018-09-18 06:21:07', '2018-09-18 06:56:46'),
(25, 'MYK180918022', 'MP', 1.8800, 5.0422, 0.0102, 1000.0000, 3.8000, NULL, '2018-09-18 07:10:18', '2018-09-18 07:20:03'),
(26, 'MYK180918023', 'MP', 1.6400, 5.0506, 0.0102, 1000.0000, 3.3100, NULL, '2018-09-18 07:10:25', '2018-09-18 07:20:03'),
(27, 'MYK180918024', 'MP', 2.1500, 5.1028, 0.0102, 1000.0000, 4.3000, NULL, '2018-09-18 07:27:28', '2018-09-18 07:57:38'),
(28, 'MYK180918025', 'MP', 1.8500, 5.1108, 0.0102, 1000.0000, 3.6900, NULL, '2018-09-18 07:27:34', '2018-09-18 07:57:39'),
(29, 'MYK180918026', 'MP', 1.9700, 5.1314, 0.0102, 1000.0000, 3.9200, NULL, '2018-09-18 07:27:39', '2018-09-18 07:57:39'),
(30, 'MYK180918027', 'MP', NULL, NULL, NULL, NULL, NULL, NULL, '2018-09-18 08:11:50', '2018-09-18 08:11:50'),
(31, 'MYK180918028', 'MP', NULL, NULL, NULL, NULL, NULL, NULL, '2018-09-18 08:12:16', '2018-09-18 08:12:16'),
(32, 'MYK180918029', 'MP', NULL, NULL, NULL, NULL, NULL, NULL, '2018-09-18 08:12:59', '2018-09-18 08:12:59'),
(33, 'MYK180918030', 'MP', NULL, NULL, NULL, NULL, NULL, NULL, '2018-09-18 08:13:14', '2018-09-18 08:13:14'),
(34, 'MYK180918031', 'MP', NULL, NULL, NULL, NULL, NULL, NULL, '2018-09-18 08:13:29', '2018-09-18 08:13:29'),
(35, 'MYK180918032', 'MP', 1.2600, 5.2324, 0.0101, 1000.0000, 2.4300, NULL, '2018-09-18 09:46:47', '2018-09-18 09:59:31'),
(36, 'MYK180918033', 'MP', 1.6800, 5.1330, 0.0101, 1000.0000, 3.3100, 'Y', '2018-09-18 09:47:02', '2018-09-18 10:01:07'),
(37, 'MYK180918034', 'MP', 1.3000, 5.1800, 0.0101, 1000.0000, 2.5300, NULL, '2018-09-18 09:47:11', '2018-09-18 10:01:07'),
(38, 'MYK180918033', 'MP', 0.0000, 0.0000, 0.0101, 1000.0000, 0.0000, 'N', '2018-09-18 10:07:47', '2018-09-18 10:07:47'),
(39, 'MYK180918035', 'MP', 1.5600, 5.0462, 0.0101, 1000.0000, 3.1200, NULL, '2018-09-18 11:03:20', '2018-09-18 11:25:17'),
(40, 'MYK180918036', 'MP', 1.5700, 5.1644, 0.0101, 1000.0000, 3.0700, NULL, '2018-09-18 11:03:29', '2018-09-18 11:25:18'),
(41, 'MYK180918037', 'MP', 0.6100, 5.1860, 0.0101, 1000.0000, 1.1900, NULL, '2018-09-18 11:03:37', '2018-09-18 11:25:18'),
(42, 'MYK180918038', 'MP', NULL, NULL, NULL, NULL, NULL, NULL, '2018-09-18 12:29:47', '2018-09-18 12:29:47'),
(43, 'MYK180918039', 'MP', 1.8000, 5.1606, 0.0101, 1000.0000, 3.5200, 'Y', '2018-09-18 12:30:43', '2018-09-18 13:52:51'),
(44, 'MYK180918040', 'MP', 1.5900, 5.2006, 0.0101, 1000.0000, 3.0900, NULL, '2018-09-18 12:30:52', '2018-09-18 13:52:51'),
(45, 'MYK180918041', 'MP', 1.2900, 5.0475, 0.0101, 1000.0000, 2.5800, NULL, '2018-09-18 12:31:02', '2018-09-18 13:52:51'),
(46, 'MYK180918039', 'MP', 1.7600, 5.1042, 0.0101, 1000.0000, 3.4800, 'N', '2018-09-18 13:52:51', '2018-09-18 13:52:51'),
(47, 'MYK180918042', 'MP', 1.7500, 5.1262, 0.0101, 1000.0000, 3.4500, NULL, '2018-09-18 14:03:21', '2018-09-18 14:26:39'),
(48, 'MYK180918043', 'MP', 1.3200, 5.1806, 0.0101, 1000.0000, 2.5700, NULL, '2018-09-18 14:03:28', '2018-09-18 14:26:39'),
(49, 'MYK180918044', 'MP', 1.3500, 5.1064, 0.0101, 1000.0000, 2.6700, NULL, '2018-09-18 14:03:34', '2018-09-18 14:26:39'),
(50, 'MYK180918045', 'MP', 1.9700, 5.0664, 0.0101, 1000.0000, 3.9300, NULL, '2018-09-18 15:35:51', '2018-09-18 15:48:55'),
(51, 'MYK180918046', 'MP', 1.2200, 5.1611, 0.0101, 1000.0000, 2.3900, NULL, '2018-09-18 15:36:01', '2018-09-18 15:48:55'),
(52, 'MYK180918047', 'MP', 1.3500, 5.1220, 0.0101, 1000.0000, 2.6600, NULL, '2018-09-18 15:36:08', '2018-09-18 15:48:55'),
(53, 'MYK180919048', 'MP', 1.6800, 5.0940, 0.0101, 1000.0000, 3.3300, 'Y', '2018-09-19 03:13:27', '2018-09-19 03:19:21'),
(54, 'MYK180919049', 'MP', 1.7900, 5.0944, 0.0101, 1000.0000, 3.5500, NULL, '2018-09-19 03:14:06', '2018-09-19 03:19:21'),
(55, 'MYK180919050', 'MP', 1.7200, 5.0005, 0.0101, 1000.0000, 3.4700, NULL, '2018-09-19 03:16:24', '2018-09-19 04:07:25'),
(56, 'MYK180919051', 'BKA', 1.8200, 5.1717, 0.0101, 1000.0000, 3.5500, NULL, '2018-09-19 03:16:32', '2018-09-19 04:07:27'),
(57, 'MYK180919052', 'BKB', 2.0800, 5.0062, 0.0101, 1000.0000, 4.2000, NULL, '2018-09-19 03:16:39', '2018-09-19 04:17:31'),
(58, 'MYK180919053', 'MP', 2.1000, 5.1702, 0.0101, 1000.0000, 4.1000, 'N', '2018-09-19 03:16:48', '2018-09-19 04:07:26'),
(59, 'MYK180919054', 'BKA', NULL, NULL, NULL, NULL, NULL, NULL, '2018-09-19 03:16:55', '2018-09-19 03:16:55'),
(60, 'MYK180919055', 'BKB', NULL, NULL, NULL, NULL, NULL, NULL, '2018-09-19 03:17:02', '2018-09-19 03:17:02'),
(61, 'MYK180919056', 'MP', 1.4200, 5.0721, 0.0101, 1000.0000, 2.8300, NULL, '2018-09-19 03:17:29', '2018-09-19 04:07:26'),
(62, 'MYK180919057', 'BKA', 2.1600, 5.0578, 0.0101, 1000.0000, 4.3100, NULL, '2018-09-19 03:17:35', '2018-09-19 04:07:27'),
(63, 'MYK180919058', 'BKB', NULL, NULL, NULL, NULL, NULL, NULL, '2018-09-19 03:17:40', '2018-09-19 03:17:40'),
(64, 'MYK180919048', 'MP', 1.6500, 5.1317, 0.0101, 1000.0000, 3.2500, 'N', '2018-09-19 03:19:21', '2018-09-19 03:19:21'),
(65, 'MYK180919059', 'BB', 0.2500, 5.0515, 0.0101, 1000.0000, 0.5000, NULL, '2018-09-19 03:23:42', '2018-09-19 04:07:25'),
(66, 'MYK180919053', 'MP', 1.5000, 5.1185, 0.0101, 1000.0000, 2.9600, 'N', '2018-09-19 04:17:30', '2018-09-19 04:17:30'),
(67, 'MYK180919053', 'MP', 1.5400, 5.0534, 0.0101, 1000.0000, 3.0800, 'Y', '2018-09-19 04:17:30', '2018-09-19 04:17:30'),
(68, 'MYK180919060', 'BKB', NULL, NULL, NULL, NULL, NULL, NULL, '2018-09-19 04:22:59', '2018-09-19 04:22:59'),
(69, 'MYK180919061', 'MP', 1.3200, 5.1558, 0.0101, 1000.0000, 2.5900, NULL, '2018-09-19 04:26:07', '2018-09-19 07:15:29'),
(70, 'MYK180919062', 'BKA', NULL, NULL, NULL, NULL, NULL, NULL, '2018-09-19 04:26:14', '2018-09-19 04:26:14'),
(71, 'MYK180919063', 'BKB', NULL, NULL, NULL, NULL, NULL, NULL, '2018-09-19 04:26:22', '2018-09-19 04:26:22'),
(72, 'MYK180919064', 'MP', 1.9200, 5.0210, 0.0101, 1000.0000, 3.8600, NULL, '2018-09-19 04:26:29', '2018-09-19 07:15:29'),
(73, 'MYK180919065', 'BKA', NULL, NULL, NULL, NULL, NULL, NULL, '2018-09-19 04:26:47', '2018-09-19 04:26:47'),
(74, 'MYK180919066', 'BKB', NULL, NULL, NULL, NULL, NULL, NULL, '2018-09-19 04:26:55', '2018-09-19 04:26:55'),
(75, 'MYK180919067', 'MP', NULL, NULL, NULL, NULL, NULL, NULL, '2018-09-19 04:27:05', '2018-09-19 04:27:05'),
(76, 'MYK180919068', 'BKA', NULL, NULL, NULL, NULL, NULL, NULL, '2018-09-19 04:27:12', '2018-09-19 04:27:12'),
(77, 'MYK180919069', 'BKB', NULL, NULL, NULL, NULL, NULL, NULL, '2018-09-19 04:27:19', '2018-09-19 04:27:19'),
(78, 'MYK180919070', 'MP', NULL, NULL, NULL, NULL, NULL, NULL, '2018-09-19 09:16:12', '2018-09-19 09:16:12'),
(79, 'MYK180919071', 'MP', NULL, NULL, NULL, NULL, NULL, NULL, '2018-09-19 09:16:26', '2018-09-19 09:16:26'),
(80, 'MYK180919072', 'MP', NULL, NULL, NULL, NULL, NULL, NULL, '2018-09-19 09:16:36', '2018-09-19 09:16:36'),
(81, 'MYK180919073', 'MP', NULL, NULL, NULL, NULL, NULL, NULL, '2018-09-19 09:16:50', '2018-09-19 09:16:50'),
(82, 'MYK180919074', 'MP', 2.1000, 5.1324, 0.0108, 1000.0000, 4.4200, NULL, '2018-09-19 09:17:28', '2018-09-20 06:19:46'),
(83, 'MYK180919075', 'MP', 1.6800, 5.1352, 0.0108, 1000.0000, 3.5300, NULL, '2018-09-19 09:17:36', '2018-09-20 06:19:46'),
(84, 'MYK180919076', 'BKB', 2.8000, 5.2135, 0.0108, 1000.0000, 5.8000, NULL, '2018-09-19 09:17:49', '2018-09-20 06:19:47'),
(85, 'MYK180919077', 'BKA', 2.1500, 5.2310, 0.0108, 1000.0000, 4.4400, NULL, '2018-09-19 09:18:08', '2018-09-20 06:19:47'),
(86, 'MYK180919078', 'BKB', NULL, NULL, NULL, NULL, NULL, NULL, '2018-09-19 09:21:06', '2018-09-19 09:21:06'),
(87, 'MYK180919079', 'BKB', NULL, NULL, NULL, NULL, NULL, NULL, '2018-09-19 09:21:19', '2018-09-19 09:21:19'),
(88, 'MYK180920080', 'MP', 1.6000, 5.0213, 0.0101, 1000.0000, 3.2200, 'N', '2018-09-20 04:24:57', '2018-09-20 04:35:52'),
(89, 'MYK180920081', 'MP', 1.9000, 5.0318, 0.0101, 1000.0000, 3.8100, 'N', '2018-09-20 04:25:07', '2018-09-20 04:47:00'),
(90, 'MYK180920082', 'MP', 1.8000, 5.0135, 0.0108, 1000.0000, 3.8800, NULL, '2018-09-20 04:25:15', '2018-09-20 06:19:46'),
(91, 'MYK180920083', 'BKB', 2.5000, 5.2354, 0.0108, 1000.0000, 5.1600, NULL, '2018-09-20 04:25:23', '2018-09-20 06:19:46'),
(92, 'MYK180920084', 'BKA', 2.3500, 5.0213, 0.0108, 1000.0000, 5.0500, NULL, '2018-09-20 04:25:31', '2018-09-20 06:19:46'),
(93, 'MYK180920080', 'MP', 1.6500, 5.0248, 0.0101, 1000.0000, 3.3200, 'Y', '2018-09-20 04:35:52', '2018-09-20 04:35:52'),
(94, 'MYK180920080', 'MP', 1.8000, 5.0348, 0.0101, 1000.0000, 3.6100, 'N', '2018-09-20 04:35:52', '2018-09-20 04:35:52'),
(95, 'MYK180920081', 'MP', 1.9800, 5.0483, 0.0101, 1000.0000, 3.9600, 'N', '2018-09-20 04:47:00', '2018-09-20 04:47:00'),
(96, 'MYK180920081', 'MP', 1.8900, 5.0454, 0.0101, 1000.0000, 3.7800, 'Y', '2018-09-20 04:52:18', '2018-09-20 04:52:18'),
(97, 'MYK180920085', 'MP', 1.9000, 5.0025, 0.0108, 1000.0000, 4.1000, 'Y', '2018-09-20 07:39:09', '2018-09-20 07:44:24'),
(98, 'MYK180920085', 'MP', 1.5800, 5.0158, 0.0108, 1000.0000, 3.4000, 'N', '2018-09-20 07:40:32', '2018-09-20 07:44:24');

-- --------------------------------------------------------

--
-- Table structure for table `t_sample_mie`
--

CREATE TABLE `t_sample_mie` (
  `id` varchar(20) COLLATE utf8mb4_unicode_ci NOT NULL,
  `dept_id` varchar(3) COLLATE utf8mb4_unicode_ci NOT NULL,
  `mid_product` varchar(20) COLLATE utf8mb4_unicode_ci NOT NULL,
  `line_id` varchar(15) COLLATE utf8mb4_unicode_ci NOT NULL,
  `sample_date` date NOT NULL,
  `input_date` date NOT NULL,
  `input_time` time NOT NULL,
  `shift` varchar(50) COLLATE utf8mb4_unicode_ci NOT NULL,
  `approve` enum('Y','N','') COLLATE utf8mb4_unicode_ci DEFAULT NULL,
  `approver` varchar(12) COLLATE utf8mb4_unicode_ci DEFAULT NULL,
  `approve_date` date DEFAULT NULL,
  `approve_time` time DEFAULT NULL,
  `created_by` varchar(12) COLLATE utf8mb4_unicode_ci NOT NULL,
  `upload_date` date DEFAULT NULL,
  `upload_time` time DEFAULT NULL,
  `uploaded_by` varchar(12) COLLATE utf8mb4_unicode_ci DEFAULT NULL,
  `keterangan` varchar(255) COLLATE utf8mb4_unicode_ci DEFAULT NULL,
  `status` varchar(1) COLLATE utf8mb4_unicode_ci NOT NULL,
  `with_fc` enum('Y','N') COLLATE utf8mb4_unicode_ci NOT NULL DEFAULT 'N',
  `created_at` timestamp NULL DEFAULT CURRENT_TIMESTAMP,
  `updated_at` timestamp NULL DEFAULT CURRENT_TIMESTAMP ON UPDATE CURRENT_TIMESTAMP
) ENGINE=InnoDB DEFAULT CHARSET=utf8mb4 COLLATE=utf8mb4_unicode_ci;

--
-- Dumping data for table `t_sample_mie`
--

INSERT INTO `t_sample_mie` (`id`, `dept_id`, `mid_product`, `line_id`, `sample_date`, `input_date`, `input_time`, `shift`, `approve`, `approver`, `approve_date`, `approve_time`, `created_by`, `upload_date`, `upload_time`, `uploaded_by`, `keterangan`, `status`, `with_fc`, `created_at`, `updated_at`) VALUES
('MIE180918001', '2', '20089', 'LINE 01 BAG', '2018-09-18', '2018-09-18', '09:15:00', 'NS1', NULL, NULL, NULL, NULL, '8921', NULL, NULL, NULL, 'deleted by 8921', '4', 'N', '2018-09-18 02:15:57', '2018-09-18 02:16:09'),
('MIE180918002', '2', '20088', 'LINE 02 BAG', '2018-09-18', '2018-09-18', '09:16:00', 'NS1', 'Y', '20186', '2018-09-18', '11:21:01', '8921', '2018-09-18', '10:36:00', '19690', 'Approved by 20186', '3', 'Y', '2018-09-18 02:16:15', '2018-09-18 04:21:01'),
('MIE180918003', '2', '20089', 'LINE 01 BAG', '2018-09-18', '2018-09-18', '09:16:00', 'NS1', 'Y', '20186', '2018-09-18', '10:27:17', '8921', '2018-09-18', '10:36:00', '19690', 'fc uploaded by 19690', '2', 'Y', '2018-09-18 02:16:23', '2018-09-18 03:36:13'),
('MIE180918004', '2', '20030', 'LINE 03 BAG', '2018-09-18', '2018-09-18', '09:16:00', 'NS1', 'Y', '20186', '2018-09-18', '11:21:07', '8921', '2018-09-18', '10:42:00', '19690', 'Approved by 20186', '3', 'N', '2018-09-18 02:16:49', '2018-09-18 04:21:07'),
('MIE180918005', '2', '20032', 'LINE 06 BAG', '2018-09-18', '2018-09-18', '09:17:00', 'NS1', 'Y', '20186', '2018-09-18', '10:38:20', '8921', '2018-09-18', '10:21:00', '10108', 'Approved by 20186', '3', 'N', '2018-09-18 02:17:10', '2018-09-18 03:38:20'),
('MIE180918006', '2', '20030', 'LINE 07 BAG', '2018-09-18', '2018-09-18', '09:17:00', 'NS1', 'Y', '20186', '2018-09-18', '11:21:10', '8921', '2018-09-18', '10:21:00', '10108', 'Approved by 20186', '3', 'N', '2018-09-18 02:17:17', '2018-09-18 04:21:10'),
('MIE180918007', '2', '20032', 'LINE 09 BAG', '2018-09-18', '2018-09-18', '09:17:00', 'NS1', 'Y', '20186', '2018-09-18', '11:21:12', '8921', '2018-09-18', '10:41:00', '19690', 'Approved by 20186', '3', 'Y', '2018-09-18 02:17:27', '2018-09-18 04:21:12'),
('MIE180918008', '2', '20057', 'LINE 10 BAG', '2018-09-18', '2018-09-18', '09:17:00', 'NS1', 'Y', '20186', '2018-09-18', '11:21:14', '8921', '2018-09-18', '10:21:00', '10108', 'Approved by 20186', '3', 'N', '2018-09-18 02:17:34', '2018-09-18 04:21:14'),
('MIE180918009', '2', '20030', 'LINE 11 BAG', '2018-09-18', '2018-09-18', '09:17:00', 'NS1', 'Y', '20186', '2018-09-18', '11:21:16', '8921', '2018-09-18', '10:21:00', '10108', 'Approved by 20186', '3', 'N', '2018-09-18 02:17:45', '2018-09-18 04:21:16'),
('MIE180918010', '2', '20030', 'LINE 12 BAG', '2018-09-18', '2018-09-18', '09:17:00', 'NS1', 'Y', '20186', '2018-09-18', '11:21:19', '8921', '2018-09-18', '10:41:00', '19690', 'Approved by 20186', '3', 'Y', '2018-09-18 02:17:58', '2018-09-18 04:21:19'),
('MIE180918011', '2', '17004556', 'LINE 15 BAG', '2018-09-18', '2018-09-18', '09:18:00', 'NS1', 'Y', '20186', '2018-09-18', '11:20:51', '8921', '2018-09-18', '11:19:00', '10108', 'Approved by 20186', '3', 'Y', '2018-09-18 02:18:28', '2018-09-18 04:20:51'),
('MIE180918012', '2', '17000004', 'LINE 16 BAG', '2018-09-18', '2018-09-18', '09:19:00', 'NS1', 'Y', '20186', '2018-09-18', '11:17:50', '8921', '2018-09-18', '10:21:00', '10108', 'Approved by 20186', '3', 'N', '2018-09-18 02:19:34', '2018-09-18 04:17:50'),
('MIE180918013', '2', '20030', 'LINE 14 BAG', '2018-09-18', '2018-09-18', '09:19:00', 'NS1', 'Y', '20186', '2018-09-18', '11:21:23', '8921', '2018-09-18', '10:21:00', '10108', 'Approved by 20186', '3', 'N', '2018-09-18 02:19:41', '2018-09-18 04:21:23'),
('MIE180918014', '2', '20030', 'LINE 13 BAG', '2018-09-18', '2018-09-18', '09:19:00', 'NS1', 'Y', '20186', '2018-09-18', '11:21:21', '8921', '2018-09-18', '10:21:00', '10108', 'Approved by 20186', '3', 'N', '2018-09-18 02:19:45', '2018-09-18 04:21:21'),
('MIE180918015', '2', '20089', 'LINE 01 BAG', '2018-09-18', '2018-09-18', '10:47:00', 'NS1', 'Y', '18773', '2018-09-18', '21:12:25', '8921', '2018-09-18', '21:10:00', '9324', 'Approved by 18773', '3', 'N', '2018-09-18 03:47:55', '2018-09-18 14:12:25'),
('MIE180918016', '2', '20089', 'LINE 01 BAG', '2018-09-18', '2018-09-18', '15:29:00', 'NS2', 'Y', '18773', '2018-09-18', '21:12:21', '8921', '2018-09-18', '21:10:00', '9324', 'Approved by 18773', '3', 'Y', '2018-09-18 08:29:31', '2018-09-18 14:12:21'),
('MIE180918017', '2', '20088', 'LINE 02 BAG', '2018-09-18', '2018-09-18', '15:29:00', 'NS2', 'Y', '18773', '2018-09-18', '21:12:28', '8921', '2018-09-18', '21:10:00', '9324', 'Approved by 18773', '3', 'Y', '2018-09-18 08:29:40', '2018-09-18 14:12:28'),
('MIE180918018', '2', '20030', 'LINE 03 BAG', '2018-09-18', '2018-09-18', '15:29:00', 'NS2', 'Y', '18773', '2018-09-18', '21:12:30', '8921', '2018-09-18', '21:10:00', '9324', 'Approved by 18773', '3', 'Y', '2018-09-18 08:29:45', '2018-09-18 14:12:30'),
('MIE180918019', '2', '20032', 'LINE 06 BAG', '2018-09-18', '2018-09-18', '15:29:00', 'NS2', 'Y', '18773', '2018-09-18', '21:12:32', '8921', '2018-09-18', '21:10:00', '9324', 'Approved by 18773', '3', 'N', '2018-09-18 08:29:51', '2018-09-18 14:12:32'),
('MIE180918020', '2', '20030', 'LINE 07 BAG', '2018-09-18', '2018-09-18', '15:29:00', 'NS2', 'Y', '18773', '2018-09-18', '21:13:16', '8921', '2018-09-18', '21:10:00', '9324', 'Approved by 18773', '3', 'N', '2018-09-18 08:29:59', '2018-09-18 14:13:16'),
('MIE180918021', '2', '20032', 'LINE 09 BAG', '2018-09-18', '2018-09-18', '15:30:00', 'NS2', 'Y', '18773', '2018-09-18', '21:13:18', '8921', '2018-09-18', '21:10:00', '9324', 'Approved by 18773', '3', 'Y', '2018-09-18 08:30:24', '2018-09-18 14:13:18'),
('MIE180918022', '2', '20057', 'LINE 10 BAG', '2018-09-18', '2018-09-18', '15:30:00', 'NS2', 'Y', '18773', '2018-09-18', '21:13:19', '8921', '2018-09-18', '21:10:00', '9324', 'Approved by 18773', '3', 'N', '2018-09-18 08:30:28', '2018-09-18 14:13:19'),
('MIE180918023', '2', '20088', 'LINE 11 BAG', '2018-09-18', '2018-09-18', '15:30:00', 'NS2', NULL, NULL, NULL, NULL, '8921', NULL, NULL, NULL, 'deleted by 8921', '4', 'N', '2018-09-18 08:30:32', '2018-09-18 08:30:44'),
('MIE180918024', '2', '20030', 'LINE 11 BAG', '2018-09-18', '2018-09-18', '15:30:00', 'NS2', 'Y', '18773', '2018-09-18', '21:13:23', '8921', '2018-09-18', '21:10:00', '9324', 'Approved by 18773', '3', 'N', '2018-09-18 08:30:40', '2018-09-18 14:13:23'),
('MIE180918025', '2', '20030', 'LINE 12 BAG', '2018-09-18', '2018-09-18', '15:30:00', 'NS2', 'Y', '18773', '2018-09-18', '21:13:53', '8921', '2018-09-18', '21:10:00', '9324', 'Approved by 18773', '3', 'N', '2018-09-18 08:30:52', '2018-09-18 14:13:53'),
('MIE180918026', '2', '20030', 'LINE 13 BAG', '2018-09-18', '2018-09-18', '15:30:00', 'NS2', 'Y', '18773', '2018-09-18', '21:13:55', '8921', '2018-09-18', '21:10:00', '9324', 'Approved by 18773', '3', 'N', '2018-09-18 08:30:56', '2018-09-18 14:13:55'),
('MIE180918027', '2', '20030', 'LINE 14 BAG', '2018-09-18', '2018-09-18', '15:31:00', 'NS2', 'Y', '18773', '2018-09-18', '21:13:58', '8921', '2018-09-18', '21:10:00', '9324', 'Approved by 18773', '3', 'N', '2018-09-18 08:31:00', '2018-09-18 14:13:58'),
('MIE180918028', '2', '17004556', 'LINE 15 BAG', '2018-09-18', '2018-09-18', '15:31:00', 'NS2', 'Y', '18773', '2018-09-18', '21:14:00', '8921', '2018-09-18', '21:10:00', '9324', 'Approved by 18773', '3', 'Y', '2018-09-18 08:31:11', '2018-09-18 14:14:00'),
('MIE180918029', '2', '17000004', 'LINE 16 BAG', '2018-09-18', '2018-09-18', '15:31:00', 'NS2', 'Y', '18773', '2018-09-18', '21:14:02', '8921', '2018-09-18', '21:10:00', '9324', 'Approved by 18773', '3', 'N', '2018-09-18 08:31:31', '2018-09-18 14:14:02'),
('MIE180919030', '2', '20088', 'LINE 01 BAG', '2018-09-19', '2018-09-19', '10:22:00', 'NS1', 'Y', '16245', '2018-09-19', '11:00:13', '8921', '2018-09-19', '14:59:00', '11316', 'fc uploaded by 11316', '2', 'Y', '2018-09-19 03:22:13', '2018-09-19 07:59:24'),
('MIE180919031', '2', '20089', 'LINE 02 BAG', '2018-09-19', '2018-09-19', '10:22:00', 'NS1', 'Y', '16245', '2018-09-19', '13:41:10', '8921', '2018-09-19', '14:59:00', '11316', 'fc uploaded by 11316', '2', 'Y', '2018-09-19 03:22:19', '2018-09-19 07:59:24'),
('MIE180919032', '2', '20030', 'LINE 03 BAG', '2018-09-19', '2018-09-19', '10:22:00', 'NS1', 'Y', '16245', '2018-09-19', '13:46:34', '8921', '2018-09-19', '14:59:00', '11316', 'fc uploaded by 11316', '2', 'Y', '2018-09-19 03:22:25', '2018-09-19 07:59:25'),
('MIE180919033', '2', '20088', 'LINE 01 BAG', '2018-09-19', '2018-09-19', '16:10:00', 'NS2', 'Y', '20186', '2018-09-19', '16:12:53', '8848', '2018-09-20', '13:21:00', '11316', 'fc uploaded by 11316', '2', 'Y', '2018-09-19 09:10:58', '2018-09-20 06:21:30'),
('MIE180920034', '3', '1120083', 'LINE 01 CUP', '2018-09-20', '2018-09-20', '11:26:00', 'NS1', 'Y', '16245', '2018-09-20', '13:06:13', '8848', '2018-09-20', '13:09:00', '11316', 'fc uploaded by 11316', '2', 'Y', '2018-09-20 04:26:00', '2018-09-20 06:09:10'),
('MIE180920035', '3', '1020030', 'LINE 17 BAG', '2018-09-20', '2018-09-20', '11:26:00', 'NS1', 'Y', '16245', '2018-09-20', '13:22:58', '8848', '2018-09-20', '13:20:00', '11316', 'Approved by 16245', '3', 'N', '2018-09-20 04:26:08', '2018-09-20 06:22:58'),
('MIE180920036', '3', '1020032', 'LINE 18 BAG', '2018-09-20', '2018-09-20', '11:26:00', 'NS1', 'Y', '16245', '2018-09-20', '13:06:27', '8848', '2018-09-20', '13:09:00', '11316', 'fc uploaded by 11316', '2', 'Y', '2018-09-20 04:26:13', '2018-09-20 06:09:11');

-- --------------------------------------------------------

--
-- Table structure for table `t_sample_minyak`
--

CREATE TABLE `t_sample_minyak` (
  `id` varchar(20) COLLATE utf8mb4_unicode_ci NOT NULL,
  `line_id` varchar(15) COLLATE utf8mb4_unicode_ci NOT NULL,
  `dept_id` varchar(3) COLLATE utf8mb4_unicode_ci NOT NULL,
  `mid_product` varchar(20) COLLATE utf8mb4_unicode_ci NOT NULL,
  `sample_date` date NOT NULL,
  `input_date` date NOT NULL,
  `sample_time` time DEFAULT NULL,
  `input_time` time NOT NULL,
  `upload_date` date DEFAULT NULL,
  `upload_time` time DEFAULT NULL,
  `uploaded_by` varchar(12) COLLATE utf8mb4_unicode_ci DEFAULT NULL,
  `shift` varchar(50) COLLATE utf8mb4_unicode_ci NOT NULL,
  `approve` enum('Y','N','') COLLATE utf8mb4_unicode_ci DEFAULT NULL,
  `approver` varchar(12) COLLATE utf8mb4_unicode_ci DEFAULT NULL,
  `approve_date` date DEFAULT NULL,
  `approve_time` time DEFAULT NULL,
  `created_by` varchar(12) COLLATE utf8mb4_unicode_ci NOT NULL,
  `keterangan` varchar(255) COLLATE utf8mb4_unicode_ci DEFAULT NULL,
  `status` varchar(1) COLLATE utf8mb4_unicode_ci NOT NULL,
  `ulang` enum('Y','N') COLLATE utf8mb4_unicode_ci NOT NULL DEFAULT 'N',
  `duplo` enum('Y','N') COLLATE utf8mb4_unicode_ci NOT NULL DEFAULT 'N',
  `created_at` timestamp NULL DEFAULT CURRENT_TIMESTAMP,
  `updated_at` timestamp NULL DEFAULT CURRENT_TIMESTAMP ON UPDATE CURRENT_TIMESTAMP
) ENGINE=InnoDB DEFAULT CHARSET=utf8mb4 COLLATE=utf8mb4_unicode_ci;

--
-- Dumping data for table `t_sample_minyak`
--

INSERT INTO `t_sample_minyak` (`id`, `line_id`, `dept_id`, `mid_product`, `sample_date`, `input_date`, `sample_time`, `input_time`, `upload_date`, `upload_time`, `uploaded_by`, `shift`, `approve`, `approver`, `approve_date`, `approve_time`, `created_by`, `keterangan`, `status`, `ulang`, `duplo`, `created_at`, `updated_at`) VALUES
('MYK180917001', 'LINE 01 BAG', '2', '20089', '2018-09-17', '2018-09-17', '15:00:00', '15:10:00', '2018-09-18', '09:47:00', '10108', 'NS1', 'Y', '20186', '2018-09-18', '09:47:52', '400', 'Approved by 20186', '3', '', 'N', '2018-09-17 08:10:30', '2018-09-18 02:47:52'),
('MYK180918002', 'BB Noodle Bag', '2', '1', '2018-09-18', '2018-09-18', NULL, '08:46:00', '2018-09-18', '09:47:00', '10108', 'NS1', 'Y', '20186', '2018-09-18', '09:47:54', '8921', 'Approved by 20186', '3', '', 'N', '2018-09-18 01:46:48', '2018-09-18 02:47:54'),
('MYK180918003', 'LINE 01 BAG', '2', '20089', '2018-09-18', '2018-09-18', '09:00:00', '08:49:00', NULL, NULL, NULL, 'NS1', NULL, NULL, NULL, NULL, '8921', 'deleted by 8921', '4', '', 'N', '2018-09-18 01:49:24', '2018-09-18 01:51:24'),
('MYK180918004', 'LINE 01 BAG', '2', '20089', '2018-09-18', '2018-09-18', '09:00:00', '08:49:00', NULL, NULL, NULL, 'NS1', NULL, NULL, NULL, NULL, '8921', 'deleted by 8921', '4', '', 'N', '2018-09-18 01:49:53', '2018-09-18 02:00:04'),
('MYK180918005', 'LINE 01 BAG', '2', '20089', '2018-09-18', '2018-09-18', '09:00:00', '08:51:00', NULL, NULL, NULL, 'NS1', NULL, NULL, NULL, NULL, '8921', 'deleted by 8921', '4', '', 'N', '2018-09-18 01:51:03', '2018-09-18 02:00:08'),
('MYK180918006', 'LINE 01 BAG', '2', '20088', '2018-09-18', '2018-09-18', '09:00:00', '09:00:00', '2018-09-18', '09:47:00', '10108', 'NS1', 'Y', '20186', '2018-09-18', '09:47:57', '8921', 'Approved by 20186', '3', '', 'N', '2018-09-18 02:00:23', '2018-09-18 02:47:57'),
('MYK180918007', 'LINE 02 BAG', '2', '20089', '2018-09-18', '2018-09-18', '09:00:00', '09:00:00', '2018-09-18', '09:50:00', '10108', 'NS1', 'Y', '20186', '2018-09-18', '09:52:26', '8921', 'Approved by 20186', '3', '', 'Y', '2018-09-18 02:00:39', '2018-09-18 02:52:26'),
('MYK180918008', 'LINE 03 BAG', '2', '20030', '2018-09-18', '2018-09-18', '09:00:00', '09:02:00', '2018-09-18', '09:47:00', '10108', 'NS1', 'Y', '20186', '2018-09-18', '09:48:13', '8921', 'Approved by 20186', '3', '', 'N', '2018-09-18 02:02:08', '2018-09-18 02:48:13'),
('MYK180918009', 'LINE 01 BAG', '2', '20089', '2018-09-18', '2018-09-18', '09:00:00', '09:20:00', '2018-09-18', '09:47:00', '10108', 'NS1', 'Y', '20186', '2018-09-18', '09:48:15', '8921', 'Approved by 20186', '3', '', 'N', '2018-09-18 02:20:18', '2018-09-18 02:48:15'),
('MYK180918010', 'LINE 04 BAG', '2', '20088', '2018-09-18', '2018-09-18', '09:00:00', '09:20:00', NULL, NULL, NULL, 'NS1', NULL, NULL, NULL, NULL, '8921', 'deleted by 8921', '4', '', 'N', '2018-09-18 02:20:33', '2018-09-18 02:20:43'),
('MYK180918011', 'LINE 04 BAG', '2', '20088', '2018-09-18', '2018-09-18', '09:00:00', '09:20:00', NULL, NULL, NULL, 'NS1', NULL, NULL, NULL, NULL, '8921', 'deleted by 8921', '4', 'Y', 'N', '2018-09-18 02:20:37', '2018-09-18 02:20:47'),
('MYK180918012', 'LINE 03 BAG', '2', '20030', '2018-09-18', '2018-09-18', '09:00:00', '09:55:00', '2018-09-18', '10:02:00', '10108', 'NS1', 'Y', '20186', '2018-09-18', '10:04:36', '8921', 'Approved by 20186', '3', 'Y', 'N', '2018-09-18 02:55:35', '2018-09-18 03:04:36'),
('MYK180918013', 'LINE 01 BAG', '2', '20088', '2018-09-18', '2018-09-18', '10:30:00', '10:16:00', '2018-09-18', '11:05:00', '10108', 'NS1', 'Y', '20186', '2018-09-18', '11:06:44', '8921', 'Approved by 20186', '3', '', 'N', '2018-09-18 03:16:58', '2018-09-18 04:06:44'),
('MYK180918014', 'LINE 02 BAG', '2', '20089', '2018-09-18', '2018-09-18', '10:30:00', '10:17:00', '2018-09-18', '11:05:00', '10108', 'NS1', 'Y', '20186', '2018-09-18', '11:06:47', '8921', 'Approved by 20186', '3', '', 'N', '2018-09-18 03:17:04', '2018-09-18 04:06:47'),
('MYK180918015', 'LINE 03 BAG', '2', '20030', '2018-09-18', '2018-09-18', '10:30:00', '10:34:00', '2018-09-18', '11:09:00', '10108', 'NS1', 'Y', '20186', '2018-09-18', '11:10:02', '8921', 'Approved by 20186', '3', '', 'Y', '2018-09-18 03:34:40', '2018-09-18 04:10:02'),
('MYK180918016', 'LINE 01 BAG', '2', '20088', '2018-09-18', '2018-09-18', '12:00:00', '11:26:00', '2018-09-18', '13:16:00', '10108', 'NS1', 'Y', '20186', '2018-09-18', '13:17:43', '8921', 'Approved by 20186', '3', '', 'N', '2018-09-18 04:26:58', '2018-09-18 06:17:43'),
('MYK180918017', 'LINE 02 BAG', '2', '20089', '2018-09-18', '2018-09-18', '12:00:00', '11:34:00', '2018-09-18', '13:16:00', '10108', 'NS1', 'Y', '20186', '2018-09-18', '13:17:53', '8921', 'Approved by 20186', '3', '', 'N', '2018-09-18 04:34:46', '2018-09-18 06:17:53'),
('MYK180918018', 'LINE 03 BAG', '2', '20030', '2018-09-18', '2018-09-18', '12:00:00', '11:40:00', '2018-09-18', '13:16:00', '10108', 'NS1', 'Y', '20186', '2018-09-18', '13:17:56', '8921', 'Approved by 20186', '3', '', 'N', '2018-09-18 04:40:08', '2018-09-18 06:17:56'),
('MYK180918021', 'LINE 03 BAG', '2', '20030', '2018-09-18', '2018-09-18', '13:30:00', '13:21:00', '2018-09-18', '13:56:00', '10108', 'NS1', 'Y', '20186', '2018-09-18', '13:57:39', '8921', 'Approved by 20186', '3', '', 'N', '2018-09-18 06:21:07', '2018-09-18 06:57:39'),
('MYK180918022', 'LINE 01 BAG', '2', '20088', '2018-09-18', '2018-09-18', '13:30:00', '14:10:00', '2018-09-18', '14:20:00', '10108', 'NS1', 'Y', '20186', '2018-09-18', '14:21:27', '8921', 'Approved by 20186', '3', '', 'N', '2018-09-18 07:10:18', '2018-09-18 07:21:27'),
('MYK180918023', 'LINE 02 BAG', '2', '20089', '2018-09-18', '2018-09-18', '13:30:00', '14:10:00', '2018-09-18', '14:20:00', '10108', 'NS1', 'Y', '20186', '2018-09-18', '14:21:23', '8921', 'Approved by 20186', '3', '', 'N', '2018-09-18 07:10:25', '2018-09-18 07:21:23'),
('MYK180918024', 'LINE 01 BAG', '2', '20088', '2018-09-18', '2018-09-18', '15:00:00', '14:27:00', '2018-09-18', '14:57:00', '10108', 'NS1', 'Y', '20186', '2018-09-18', '14:58:22', '8921', 'Approved by 20186', '3', '', 'N', '2018-09-18 07:27:28', '2018-09-18 07:58:22'),
('MYK180918025', 'LINE 02 BAG', '2', '20089', '2018-09-18', '2018-09-18', '15:00:00', '14:27:00', '2018-09-18', '14:57:00', '10108', 'NS1', 'Y', '20186', '2018-09-18', '14:58:33', '8921', 'Approved by 20186', '3', '', 'N', '2018-09-18 07:27:34', '2018-09-18 07:58:33'),
('MYK180918026', 'LINE 03 BAG', '2', '20030', '2018-09-18', '2018-09-18', '15:00:00', '14:27:00', '2018-09-18', '14:57:00', '10108', 'NS1', 'Y', '20186', '2018-09-18', '14:58:35', '8921', 'Approved by 20186', '3', '', 'N', '2018-09-18 07:27:39', '2018-09-18 07:58:35'),
('MYK180918027', 'LINE 01 BAG', '2', '20030', '2018-09-18', '2018-09-18', '16:30:00', '15:11:00', NULL, NULL, NULL, 'NS2', NULL, NULL, NULL, NULL, '8921', 'deleted by 8921', '4', '', 'N', '2018-09-18 08:11:50', '2018-09-18 08:12:22'),
('MYK180918028', 'LINE 02 BAG', '2', '20088', '2018-09-18', '2018-09-18', '16:30:00', '15:12:00', NULL, NULL, NULL, 'NS2', NULL, NULL, NULL, NULL, '8921', 'deleted by 8921', '4', '', 'N', '2018-09-18 08:12:16', '2018-09-18 08:12:25'),
('MYK180918029', 'LINE 01 BAG', '2', '20088', '2018-09-18', '2018-09-18', '16:30:00', '15:12:00', NULL, NULL, NULL, 'NS2', NULL, NULL, NULL, NULL, '8921', 'deleted by 8921', '4', '', 'N', '2018-09-18 08:12:59', '2018-09-18 08:22:37'),
('MYK180918030', 'LINE 02 BAG', '2', '20089', '2018-09-18', '2018-09-18', '16:30:00', '15:13:00', NULL, NULL, NULL, 'NS2', NULL, NULL, NULL, NULL, '8921', 'deleted by 8921', '4', '', 'N', '2018-09-18 08:13:14', '2018-09-18 08:22:41'),
('MYK180918031', 'LINE 03 BAG', '2', '20030', '2018-09-18', '2018-09-18', '16:30:00', '15:13:00', NULL, NULL, NULL, 'NS2', NULL, NULL, NULL, NULL, '8921', 'deleted by 8921', '4', '', 'N', '2018-09-18 08:13:29', '2018-09-18 08:22:44'),
('MYK180918032', 'LINE 01 BAG', '2', '20089', '2018-09-18', '2018-09-18', '16:30:00', '16:46:00', '2018-09-18', '17:01:00', '9324', 'NS2', 'Y', '18773', '2018-09-18', '17:06:25', '8921', 'Approved by 18773', '3', '', 'N', '2018-09-18 09:46:47', '2018-09-18 10:06:25'),
('MYK180918033', 'LINE 02 BAG', '2', '20088', '2018-09-18', '2018-09-18', '16:30:00', '16:47:00', '2018-09-18', '17:07:00', '9324', 'NS2', 'Y', '18773', '2018-09-18', '17:09:11', '8921', 'Approved by 18773', '3', '', 'Y', '2018-09-18 09:47:01', '2018-09-18 10:09:11'),
('MYK180918034', 'LINE 03 BAG', '2', '20030', '2018-09-18', '2018-09-18', '16:30:00', '16:47:00', '2018-09-18', '17:01:00', '9324', 'NS2', 'Y', '18773', '2018-09-18', '17:06:30', '8921', 'Approved by 18773', '3', '', 'N', '2018-09-18 09:47:11', '2018-09-18 10:06:30'),
('MYK180918035', 'LINE 01 BAG', '2', '20089', '2018-09-18', '2018-09-18', '18:00:00', '18:03:00', '2018-09-18', '18:25:00', '9324', 'NS2', 'Y', '18773', '2018-09-18', '18:27:50', '8921', 'Approved by 18773', '3', '', 'N', '2018-09-18 11:03:19', '2018-09-18 11:27:50'),
('MYK180918036', 'LINE 02 BAG', '2', '20088', '2018-09-18', '2018-09-18', '18:00:00', '18:03:00', '2018-09-18', '18:25:00', '9324', 'NS2', 'Y', '18773', '2018-09-18', '18:27:52', '8921', 'Approved by 18773', '3', '', 'N', '2018-09-18 11:03:29', '2018-09-18 11:27:52'),
('MYK180918037', 'LINE 03 BAG', '2', '20030', '2018-09-18', '2018-09-18', '18:00:00', '18:03:00', '2018-09-18', '18:25:00', '9324', 'NS2', 'Y', '18773', '2018-09-18', '18:27:55', '8921', 'Approved by 18773', '3', '', 'N', '2018-09-18 11:03:37', '2018-09-18 11:27:55'),
('MYK180918038', 'LINE 01 BAG', '2', '20089', '2018-09-18', '2018-09-18', '19:30:00', '19:29:00', NULL, NULL, NULL, 'NS2', NULL, NULL, NULL, NULL, '8921', 'deleted by 8921', '4', '', 'N', '2018-09-18 12:29:47', '2018-09-18 12:30:26'),
('MYK180918039', 'LINE 01 BAG', '2', '20088', '2018-09-18', '2018-09-18', '19:30:00', '19:30:00', '2018-09-18', '21:26:00', '9324', 'NS2', 'Y', '18773', '2018-09-18', '21:28:26', '8921', 'Approved by 18773', '3', '', 'Y', '2018-09-18 12:30:43', '2018-09-18 14:28:26'),
('MYK180918040', 'LINE 02 BAG', '2', '20089', '2018-09-18', '2018-09-18', '19:30:00', '19:30:00', '2018-09-18', '20:52:00', '9324', 'NS2', 'Y', '18773', '2018-09-18', '20:54:17', '8921', 'Approved by 18773', '3', '', 'N', '2018-09-18 12:30:52', '2018-09-18 13:54:17'),
('MYK180918041', 'LINE 03 BAG', '2', '20030', '2018-09-18', '2018-09-18', '19:30:00', '19:31:00', '2018-09-18', '20:52:00', '9324', 'NS2', 'Y', '18773', '2018-09-18', '20:54:20', '8921', 'Approved by 18773', '3', '', 'N', '2018-09-18 12:31:02', '2018-09-18 13:54:20'),
('MYK180918042', 'LINE 01 BAG', '2', '20088', '2018-09-18', '2018-09-18', '21:00:00', '21:03:00', '2018-09-18', '21:26:00', '9324', 'NS2', 'Y', '18773', '2018-09-18', '21:28:29', '8921', 'Approved by 18773', '3', '', 'N', '2018-09-18 14:03:21', '2018-09-18 14:28:29'),
('MYK180918043', 'LINE 02 BAG', '2', '20089', '2018-09-18', '2018-09-18', '21:00:00', '21:03:00', '2018-09-18', '21:26:00', '9324', 'NS2', 'Y', '18773', '2018-09-18', '21:28:31', '8921', 'Approved by 18773', '3', '', 'N', '2018-09-18 14:03:28', '2018-09-18 14:28:31'),
('MYK180918044', 'LINE 03 BAG', '2', '20030', '2018-09-18', '2018-09-18', '21:00:00', '21:03:00', '2018-09-18', '21:26:00', '9324', 'NS2', 'Y', '18773', '2018-09-18', '21:28:33', '8921', 'Approved by 18773', '3', '', 'N', '2018-09-18 14:03:34', '2018-09-18 14:28:33'),
('MYK180918045', 'LINE 01 BAG', '2', '20088', '2018-09-18', '2018-09-18', '22:30:00', '22:35:00', '2018-09-18', '22:48:00', '9324', 'NS2', 'Y', '18773', '2018-09-18', '22:50:00', '8921', 'Approved by 18773', '3', '', 'N', '2018-09-18 15:35:51', '2018-09-18 15:50:00'),
('MYK180918046', 'LINE 02 BAG', '2', '20089', '2018-09-18', '2018-09-18', '22:30:00', '22:36:00', '2018-09-18', '22:48:00', '9324', 'NS2', 'Y', '18773', '2018-09-18', '22:50:03', '8921', 'Approved by 18773', '3', '', 'N', '2018-09-18 15:36:01', '2018-09-18 15:50:03'),
('MYK180918047', 'LINE 03 BAG', '2', '20030', '2018-09-18', '2018-09-18', '22:30:00', '22:36:00', '2018-09-18', '22:48:00', '9324', 'NS2', 'Y', '18773', '2018-09-18', '22:50:06', '8921', 'Approved by 18773', '3', '', 'N', '2018-09-18 15:36:08', '2018-09-18 15:50:06'),
('MYK180919048', 'LINE 01 BAG', '2', '20088', '2018-09-19', '2018-09-19', '09:00:00', '10:13:00', '2018-09-19', '10:19:00', '11316', 'NS1', 'Y', '16245', '2018-09-19', '10:21:22', '8848', 'Approved by 16245', '3', '', 'Y', '2018-09-19 03:13:27', '2018-09-19 03:21:22'),
('MYK180919049', 'LINE 01 BAG', '2', '20088', '2018-09-19', '2018-09-19', '09:00:00', '10:14:00', '2018-09-19', '10:19:00', '11316', 'NS1', 'Y', '16245', '2018-09-19', '10:21:49', '8848', 'Approved by 16245', '3', 'Y', 'N', '2018-09-19 03:14:06', '2018-09-19 03:21:49'),
('MYK180919050', 'LINE 01 BAG', '2', '20088', '2018-09-19', '2018-09-19', '10:30:00', '10:16:00', '2018-09-19', '11:07:00', '11316', 'NS1', 'Y', '16245', '2018-09-19', '11:12:56', '8921', 'Approved by 16245', '3', '', 'N', '2018-09-19 03:16:24', '2018-09-19 04:12:56'),
('MYK180919051', 'LINE 01 BAG', '2', '20088', '2018-09-19', '2018-09-19', '10:30:00', '10:16:00', '2018-09-19', '11:17:00', '11316', 'NS1', 'Y', '16245', '2018-09-19', '11:19:44', '8921', 'Approved by 16245', '3', '', 'N', '2018-09-19 03:16:32', '2018-09-19 04:19:44'),
('MYK180919052', 'LINE 01 BAG', '2', '20088', '2018-09-19', '2018-09-19', '10:30:00', '10:16:00', '2018-09-19', '11:17:00', '11316', 'NS1', 'Y', '16245', '2018-09-19', '11:19:53', '8921', 'Approved by 16245', '3', '', 'N', '2018-09-19 03:16:39', '2018-09-19 04:19:53'),
('MYK180919053', 'LINE 02 BAG', '2', '20089', '2018-09-19', '2018-09-19', '10:30:00', '10:16:00', '2018-09-19', '11:17:00', '11316', 'NS1', 'Y', '16245', '2018-09-19', '11:21:37', '8921', 'Approved by 16245', '3', '', 'Y', '2018-09-19 03:16:48', '2018-09-19 04:21:37'),
('MYK180919054', 'LINE 02 BAG', '2', '20089', '2018-09-19', '2018-09-19', '10:30:00', '10:16:00', NULL, NULL, NULL, 'NS1', NULL, NULL, NULL, NULL, '8921', NULL, '1', '', 'N', '2018-09-19 03:16:55', '2018-09-19 03:16:55'),
('MYK180919055', 'LINE 02 BAG', '2', '20089', '2018-09-19', '2018-09-19', '10:30:00', '10:17:00', NULL, NULL, NULL, 'NS1', NULL, NULL, NULL, NULL, '8921', NULL, '1', '', 'N', '2018-09-19 03:17:02', '2018-09-19 03:17:02'),
('MYK180919056', 'LINE 03 BAG', '2', '20030', '2018-09-19', '2018-09-19', '10:30:00', '10:17:00', '2018-09-19', '11:07:00', '11316', 'NS1', 'Y', '16245', '2018-09-19', '11:12:53', '8921', 'Approved by 16245', '3', '', 'N', '2018-09-19 03:17:29', '2018-09-19 04:12:53'),
('MYK180919057', 'LINE 03 BAG', '2', '20030', '2018-09-19', '2018-09-19', '10:30:00', '10:17:00', '2018-09-19', '11:07:00', '11316', 'NS1', 'Y', '16245', '2018-09-19', '11:12:50', '8921', 'Approved by 16245', '3', '', 'N', '2018-09-19 03:17:35', '2018-09-19 04:12:50'),
('MYK180919058', 'LINE 03 BAG', '2', '20030', '2018-09-19', '2018-09-19', '10:30:00', '10:17:00', NULL, NULL, NULL, 'NS1', NULL, NULL, NULL, NULL, '8921', NULL, '1', '', 'N', '2018-09-19 03:17:40', '2018-09-19 03:17:40'),
('MYK180919059', 'BB Noodle Bag', '2', '1', '2018-09-19', '2018-09-19', NULL, '10:23:00', '2018-09-19', '11:07:00', '11316', 'NS1', 'Y', '16245', '2018-09-19', '11:12:46', '8921', 'Approved by 16245', '3', '', 'N', '2018-09-19 03:23:42', '2018-09-19 04:12:46'),
('MYK180919060', 'LINE 03 BAG', '2', '20030', '2018-09-19', '2018-09-19', '10:30:00', '11:22:00', NULL, NULL, NULL, 'NS1', NULL, NULL, NULL, NULL, '8921', NULL, '1', 'Y', 'N', '2018-09-19 04:22:59', '2018-09-19 04:22:59'),
('MYK180919061', 'LINE 01 BAG', '2', '20088', '2018-09-19', '2018-09-19', '12:00:00', '11:26:00', '2018-09-19', '14:15:00', '11316', 'NS1', 'Y', '20186', '2018-09-19', '14:20:08', '8921', 'Approved by 20186', '3', '', 'N', '2018-09-19 04:26:07', '2018-09-19 07:20:08'),
('MYK180919062', 'LINE 01 BAG', '2', '20088', '2018-09-19', '2018-09-19', '12:00:00', '11:26:00', NULL, NULL, NULL, 'NS1', NULL, NULL, NULL, NULL, '8921', NULL, '1', '', 'N', '2018-09-19 04:26:14', '2018-09-19 04:26:14'),
('MYK180919063', 'LINE 01 BAG', '2', '20088', '2018-09-19', '2018-09-19', '12:00:00', '11:26:00', NULL, NULL, NULL, 'NS1', NULL, NULL, NULL, NULL, '8921', NULL, '1', '', 'N', '2018-09-19 04:26:22', '2018-09-19 04:26:22'),
('MYK180919064', 'LINE 02 BAG', '2', '20089', '2018-09-19', '2018-09-19', '12:00:00', '11:26:00', '2018-09-19', '14:15:00', '11316', 'NS1', 'Y', '16245', '2018-09-19', '14:19:25', '8921', 'Approved by 16245', '3', '', 'N', '2018-09-19 04:26:29', '2018-09-19 07:19:25'),
('MYK180919065', 'LINE 02 BAG', '2', '20089', '2018-09-19', '2018-09-19', '12:00:00', '11:26:00', NULL, NULL, NULL, 'NS1', NULL, NULL, NULL, NULL, '8921', NULL, '1', '', 'N', '2018-09-19 04:26:47', '2018-09-19 04:26:47'),
('MYK180919066', 'LINE 02 BAG', '2', '20089', '2018-09-19', '2018-09-19', '12:00:00', '11:26:00', NULL, NULL, NULL, 'NS1', NULL, NULL, NULL, NULL, '8921', NULL, '1', '', 'N', '2018-09-19 04:26:55', '2018-09-19 04:26:55'),
('MYK180919067', 'LINE 03 BAG', '2', '20030', '2018-09-19', '2018-09-19', '12:00:00', '11:27:00', NULL, NULL, NULL, 'NS1', NULL, NULL, NULL, NULL, '8921', NULL, '1', '', 'N', '2018-09-19 04:27:05', '2018-09-19 04:27:05'),
('MYK180919068', 'LINE 03 BAG', '2', '20030', '2018-09-19', '2018-09-19', '12:00:00', '11:27:00', NULL, NULL, NULL, 'NS1', NULL, NULL, NULL, NULL, '8921', NULL, '1', '', 'N', '2018-09-19 04:27:12', '2018-09-19 04:27:12'),
('MYK180919069', 'LINE 03 BAG', '2', '20030', '2018-09-19', '2018-09-19', '12:00:00', '11:27:00', NULL, NULL, NULL, 'NS1', NULL, NULL, NULL, NULL, '8921', NULL, '1', '', 'N', '2018-09-19 04:27:19', '2018-09-19 04:27:19'),
('MYK180919070', 'LINE 05 BAG', '2', '20093', '2018-09-19', '2018-09-19', '16:30:00', '16:16:00', NULL, NULL, NULL, 'NS2', NULL, NULL, NULL, NULL, '8848', 'deleted by 8848', '4', '', 'N', '2018-09-19 09:16:12', '2018-09-19 09:22:40'),
('MYK180919071', 'LINE 09 BAG', '2', '20030', '2018-09-19', '2018-09-19', '16:30:00', '16:16:00', NULL, NULL, NULL, 'NS2', NULL, NULL, NULL, NULL, '8848', 'deleted by 8848', '4', '', 'N', '2018-09-19 09:16:26', '2018-09-19 09:22:43'),
('MYK180919072', 'LINE 01 BAG', '2', '20088', '2018-09-19', '2018-09-19', '16:30:00', '16:16:00', NULL, NULL, NULL, 'NS2', NULL, NULL, NULL, NULL, '8848', 'deleted by 8848', '4', '', 'N', '2018-09-19 09:16:36', '2018-09-19 09:22:53'),
('MYK180919073', 'LINE 15 BAG', '2', '1020030', '2018-09-19', '2018-09-19', '16:30:00', '16:16:00', NULL, NULL, NULL, 'NS2', NULL, NULL, NULL, NULL, '8848', 'deleted by 8848', '4', '', 'N', '2018-09-19 09:16:50', '2018-09-19 09:22:49'),
('MYK180919074', 'LINE 02 CUP', '3', '1120084', '2018-09-19', '2018-09-19', '16:30:00', '16:17:00', '2018-09-20', '13:19:00', '11316', 'NS2', 'Y', '16245', '2018-09-20', '13:22:02', '8848', 'Approved by 16245', '3', '', 'N', '2018-09-19 09:17:28', '2018-09-20 06:22:02'),
('MYK180919075', 'LINE 18 BAG', '3', '1020032', '2018-09-19', '2018-09-19', '16:30:00', '16:17:00', '2018-09-20', '13:19:00', '11316', 'NS2', 'Y', '16245', '2018-09-20', '13:22:09', '8848', 'Approved by 16245', '3', '', 'N', '2018-09-19 09:17:36', '2018-09-20 06:22:09'),
('MYK180919076', 'LINE 18 BAG', '3', '1020032', '2018-09-19', '2018-09-19', '16:30:00', '16:17:00', '2018-09-20', '13:19:00', '11316', 'NS2', 'Y', '16245', '2018-09-20', '13:22:12', '8848', 'Approved by 16245', '3', '', 'N', '2018-09-19 09:17:49', '2018-09-20 06:22:12'),
('MYK180919077', 'LINE 02 CUP', '3', '1120084', '2018-09-19', '2018-09-19', '16:30:00', '16:18:00', '2018-09-20', '13:19:00', '11316', 'NS2', 'Y', '16245', '2018-09-20', '13:22:18', '8848', 'Approved by 16245', '3', '', 'N', '2018-09-19 09:18:08', '2018-09-20 06:22:18'),
('MYK180919078', 'LINE 05 BAG', '2', '20093', '2018-09-19', '2018-09-19', '16:30:00', '16:21:00', NULL, NULL, NULL, 'NS2', NULL, NULL, NULL, NULL, '8848', 'deleted by 8848', '4', '', 'N', '2018-09-19 09:21:06', '2018-09-19 09:22:36'),
('MYK180919079', 'LINE 01 BAG', '2', '20088', '2018-09-19', '2018-09-19', '16:30:00', '16:21:00', NULL, NULL, NULL, 'NS2', NULL, NULL, NULL, NULL, '8848', 'deleted by 8848', '4', '', 'N', '2018-09-19 09:21:19', '2018-09-19 09:22:57'),
('MYK180920080', 'LINE 01 CUP', '3', '1120083', '2018-09-20', '2018-09-20', '12:00:00', '11:24:00', '2018-09-20', '11:41:00', '11316', 'NS1', 'Y', '16245', '2018-09-20', '11:42:51', '8848', 'Approved by 16245', '3', '', 'Y', '2018-09-20 04:24:57', '2018-09-20 04:42:51'),
('MYK180920081', 'LINE 17 BAG', '3', '1020030', '2018-09-20', '2018-09-20', '12:00:00', '11:25:00', '2018-09-20', '11:52:00', '11316', 'NS1', 'Y', '16245', '2018-09-20', '11:54:16', '8848', 'Approved by 16245', '3', '', 'Y', '2018-09-20 04:25:07', '2018-09-20 04:54:16'),
('MYK180920082', 'LINE 18 BAG', '3', '1020032', '2018-09-20', '2018-09-20', '12:00:00', '11:25:00', '2018-09-20', '13:19:00', '11316', 'NS1', 'Y', '16245', '2018-09-20', '13:22:43', '8848', 'Approved by 16245', '3', '', 'N', '2018-09-20 04:25:15', '2018-09-20 06:22:43'),
('MYK180920083', 'LINE 18 BAG', '3', '1020032', '2018-09-20', '2018-09-20', '12:00:00', '11:25:00', '2018-09-20', '13:19:00', '11316', 'NS1', 'Y', '16245', '2018-09-20', '13:22:49', '8848', 'Approved by 16245', '3', '', 'N', '2018-09-20 04:25:23', '2018-09-20 06:22:49'),
('MYK180920084', 'LINE 17 BAG', '3', '1020030', '2018-09-20', '2018-09-20', '12:00:00', '11:25:00', '2018-09-20', '13:19:00', '11316', 'NS1', 'Y', '16245', '2018-09-20', '13:22:52', '8848', 'Approved by 16245', '3', '', 'N', '2018-09-20 04:25:31', '2018-09-20 06:22:52'),
('MYK180920085', 'LINE 01 BAG', '2', '20088', '2018-09-20', '2018-09-20', '13:30:00', '14:39:00', '2018-09-20', '14:44:00', '11316', 'NS1', 'Y', '16245', '2018-09-20', '14:45:49', '8848', 'Approved by 16245', '3', '', 'Y', '2018-09-20 07:39:08', '2018-09-20 07:45:49');

-- --------------------------------------------------------

--
-- Table structure for table `t_shift`
--

CREATE TABLE `t_shift` (
  `id` int(10) UNSIGNED NOT NULL,
  `shift_name` varchar(50) COLLATE utf8mb4_unicode_ci NOT NULL,
  `date` date NOT NULL,
  `created_by` varchar(12) COLLATE utf8mb4_unicode_ci NOT NULL,
  `updated_by` varchar(12) COLLATE utf8mb4_unicode_ci NOT NULL,
  `created_at` timestamp NULL DEFAULT NULL,
  `updated_at` timestamp NULL DEFAULT NULL
) ENGINE=InnoDB DEFAULT CHARSET=utf8mb4 COLLATE=utf8mb4_unicode_ci;

--
-- Indexes for dumped tables
--

--
-- Indexes for table `auth_group`
--
ALTER TABLE `auth_group`
  ADD PRIMARY KEY (`id`);

--
-- Indexes for table `auth_group_department`
--
ALTER TABLE `auth_group_department`
  ADD PRIMARY KEY (`id`),
  ADD KEY `auth_group_department_group_id_foreign` (`group_id`),
  ADD KEY `auth_group_department_department_id_foreign` (`department_id`);

--
-- Indexes for table `auth_group_permission`
--
ALTER TABLE `auth_group_permission`
  ADD PRIMARY KEY (`id`),
  ADD KEY `auth_group_permission_group_id_foreign` (`group_id`),
  ADD KEY `auth_group_permission_permission_id_foreign` (`permission_id`);

--
-- Indexes for table `auth_group_report`
--
ALTER TABLE `auth_group_report`
  ADD PRIMARY KEY (`id`),
  ADD KEY `auth_group_report_group_id_foreign` (`group_id`),
  ADD KEY `auth_group_report_report_id_foreign` (`report_id`);

--
-- Indexes for table `auth_permission`
--
ALTER TABLE `auth_permission`
  ADD PRIMARY KEY (`id`);

--
-- Indexes for table `auth_report`
--
ALTER TABLE `auth_report`
  ADD PRIMARY KEY (`id`);

--
-- Indexes for table `changelog`
--
ALTER TABLE `changelog`
  ADD PRIMARY KEY (`id`);

--
-- Indexes for table `log_department`
--
ALTER TABLE `log_department`
  ADD PRIMARY KEY (`id`),
  ADD KEY `log_department_dept_id_foreign` (`dept_id`),
  ADD KEY `log_department_nik_foreign` (`nik`);

--
-- Indexes for table `log_sample_mie`
--
ALTER TABLE `log_sample_mie`
  ADD PRIMARY KEY (`id`),
  ADD KEY `log_sample_mie_sample_id_foreign` (`sample_id`),
  ADD KEY `log_sample_mie_nik_foreign` (`nik`);

--
-- Indexes for table `log_sample_minyak`
--
ALTER TABLE `log_sample_minyak`
  ADD PRIMARY KEY (`id`),
  ADD KEY `log_sample_minyak_sample_id_foreign` (`sample_id`),
  ADD KEY `log_sample_minyak_nik_foreign` (`nik`);

--
-- Indexes for table `migrations`
--
ALTER TABLE `migrations`
  ADD PRIMARY KEY (`id`);

--
-- Indexes for table `m_department`
--
ALTER TABLE `m_department`
  ADD PRIMARY KEY (`id`);

--
-- Indexes for table `m_jam_sample`
--
ALTER TABLE `m_jam_sample`
  ADD PRIMARY KEY (`id`);

--
-- Indexes for table `m_line`
--
ALTER TABLE `m_line`
  ADD PRIMARY KEY (`id`),
  ADD KEY `m_line_dept_id_foreign` (`dept_id`);

--
-- Indexes for table `m_shift`
--
ALTER TABLE `m_shift`
  ADD PRIMARY KEY (`name`);

--
-- Indexes for table `m_user`
--
ALTER TABLE `m_user`
  ADD PRIMARY KEY (`nik`),
  ADD KEY `m_user_group_id_foreign` (`group_id`),
  ADD KEY `m_user_dept_id_foreign` (`dept_id`);

--
-- Indexes for table `m_variant_product`
--
ALTER TABLE `m_variant_product`
  ADD PRIMARY KEY (`mid`);

--
-- Indexes for table `t_fc`
--
ALTER TABLE `t_fc`
  ADD PRIMARY KEY (`id`),
  ADD KEY `t_fc_sample_id_foreign` (`sample_id`);

--
-- Indexes for table `t_ffa`
--
ALTER TABLE `t_ffa`
  ADD PRIMARY KEY (`id`),
  ADD KEY `t_ffa_sample_id_foreign` (`sample_id`);

--
-- Indexes for table `t_ka`
--
ALTER TABLE `t_ka`
  ADD PRIMARY KEY (`id`),
  ADD KEY `t_ka_sample_id_foreign` (`sample_id`);

--
-- Indexes for table `t_pv`
--
ALTER TABLE `t_pv`
  ADD PRIMARY KEY (`id`),
  ADD KEY `t_pv_sample_id_foreign` (`sample_id`);

--
-- Indexes for table `t_sample_mie`
--
ALTER TABLE `t_sample_mie`
  ADD PRIMARY KEY (`id`),
  ADD KEY `t_sample_mie_dept_id_foreign` (`dept_id`),
  ADD KEY `t_sample_mie_mid_product_foreign` (`mid_product`),
  ADD KEY `shift` (`shift`),
  ADD KEY `line_id` (`line_id`);

--
-- Indexes for table `t_sample_minyak`
--
ALTER TABLE `t_sample_minyak`
  ADD PRIMARY KEY (`id`),
  ADD KEY `t_sample_minyak_line_id_foreign` (`line_id`),
  ADD KEY `t_sample_minyak_dept_id_foreign` (`dept_id`),
  ADD KEY `t_sample_minyak_mid_product_foreign` (`mid_product`),
  ADD KEY `shift` (`shift`);

--
-- Indexes for table `t_shift`
--
ALTER TABLE `t_shift`
  ADD PRIMARY KEY (`id`),
  ADD KEY `t_shift_shift_name_foreign` (`shift_name`);

--
-- AUTO_INCREMENT for dumped tables
--

--
-- AUTO_INCREMENT for table `auth_group`
--
ALTER TABLE `auth_group`
  MODIFY `id` int(10) UNSIGNED NOT NULL AUTO_INCREMENT, AUTO_INCREMENT=25;

--
-- AUTO_INCREMENT for table `auth_group_department`
--
ALTER TABLE `auth_group_department`
  MODIFY `id` int(10) UNSIGNED NOT NULL AUTO_INCREMENT, AUTO_INCREMENT=5;

--
-- AUTO_INCREMENT for table `auth_group_permission`
--
ALTER TABLE `auth_group_permission`
  MODIFY `id` int(10) UNSIGNED NOT NULL AUTO_INCREMENT, AUTO_INCREMENT=57;

--
-- AUTO_INCREMENT for table `auth_group_report`
--
ALTER TABLE `auth_group_report`
  MODIFY `id` int(10) UNSIGNED NOT NULL AUTO_INCREMENT, AUTO_INCREMENT=373;

--
-- AUTO_INCREMENT for table `auth_permission`
--
ALTER TABLE `auth_permission`
  MODIFY `id` int(10) UNSIGNED NOT NULL AUTO_INCREMENT, AUTO_INCREMENT=22;

--
-- AUTO_INCREMENT for table `auth_report`
--
ALTER TABLE `auth_report`
  MODIFY `id` int(10) UNSIGNED NOT NULL AUTO_INCREMENT, AUTO_INCREMENT=58;

--
-- AUTO_INCREMENT for table `changelog`
--
ALTER TABLE `changelog`
  MODIFY `id` int(10) UNSIGNED NOT NULL AUTO_INCREMENT, AUTO_INCREMENT=4;

--
-- AUTO_INCREMENT for table `log_department`
--
ALTER TABLE `log_department`
  MODIFY `id` int(10) UNSIGNED NOT NULL AUTO_INCREMENT, AUTO_INCREMENT=20;

--
-- AUTO_INCREMENT for table `log_sample_mie`
--
ALTER TABLE `log_sample_mie`
  MODIFY `id` int(10) UNSIGNED NOT NULL AUTO_INCREMENT, AUTO_INCREMENT=140;

--
-- AUTO_INCREMENT for table `log_sample_minyak`
--
ALTER TABLE `log_sample_minyak`
  MODIFY `id` int(10) UNSIGNED NOT NULL AUTO_INCREMENT, AUTO_INCREMENT=286;

--
-- AUTO_INCREMENT for table `migrations`
--
ALTER TABLE `migrations`
  MODIFY `id` int(10) UNSIGNED NOT NULL AUTO_INCREMENT, AUTO_INCREMENT=36;

--
-- AUTO_INCREMENT for table `m_jam_sample`
--
ALTER TABLE `m_jam_sample`
  MODIFY `id` int(10) UNSIGNED NOT NULL AUTO_INCREMENT, AUTO_INCREMENT=17;

--
-- AUTO_INCREMENT for table `t_fc`
--
ALTER TABLE `t_fc`
  MODIFY `id` int(11) NOT NULL AUTO_INCREMENT, AUTO_INCREMENT=37;

--
-- AUTO_INCREMENT for table `t_ffa`
--
ALTER TABLE `t_ffa`
  MODIFY `id` int(20) NOT NULL AUTO_INCREMENT, AUTO_INCREMENT=99;

--
-- AUTO_INCREMENT for table `t_ka`
--
ALTER TABLE `t_ka`
  MODIFY `id` int(11) NOT NULL AUTO_INCREMENT, AUTO_INCREMENT=37;

--
-- AUTO_INCREMENT for table `t_pv`
--
ALTER TABLE `t_pv`
  MODIFY `id` int(10) NOT NULL AUTO_INCREMENT, AUTO_INCREMENT=99;

--
-- AUTO_INCREMENT for table `t_shift`
--
ALTER TABLE `t_shift`
  MODIFY `id` int(10) UNSIGNED NOT NULL AUTO_INCREMENT;

--
-- Constraints for dumped tables
--

--
-- Constraints for table `auth_group_department`
--
ALTER TABLE `auth_group_department`
  ADD CONSTRAINT `auth_group_department_department_id_foreign` FOREIGN KEY (`department_id`) REFERENCES `m_department` (`id`),
  ADD CONSTRAINT `auth_group_department_group_id_foreign` FOREIGN KEY (`group_id`) REFERENCES `auth_group` (`id`);

--
-- Constraints for table `auth_group_permission`
--
ALTER TABLE `auth_group_permission`
  ADD CONSTRAINT `auth_group_permission_group_id_foreign` FOREIGN KEY (`group_id`) REFERENCES `auth_group` (`id`),
  ADD CONSTRAINT `auth_group_permission_permission_id_foreign` FOREIGN KEY (`permission_id`) REFERENCES `auth_permission` (`id`);

--
-- Constraints for table `auth_group_report`
--
ALTER TABLE `auth_group_report`
  ADD CONSTRAINT `auth_group_report_group_id_foreign` FOREIGN KEY (`group_id`) REFERENCES `auth_group` (`id`),
  ADD CONSTRAINT `auth_group_report_report_id_foreign` FOREIGN KEY (`report_id`) REFERENCES `auth_report` (`id`);

--
-- Constraints for table `log_department`
--
ALTER TABLE `log_department`
  ADD CONSTRAINT `log_department_dept_id_foreign` FOREIGN KEY (`dept_id`) REFERENCES `m_department` (`id`),
  ADD CONSTRAINT `log_department_nik_foreign` FOREIGN KEY (`nik`) REFERENCES `m_user` (`nik`);

--
-- Constraints for table `log_sample_mie`
--
ALTER TABLE `log_sample_mie`
  ADD CONSTRAINT `log_sample_mie_nik_foreign` FOREIGN KEY (`nik`) REFERENCES `m_user` (`nik`),
  ADD CONSTRAINT `log_sample_mie_sample_id_foreign` FOREIGN KEY (`sample_id`) REFERENCES `t_sample_mie` (`id`);

--
-- Constraints for table `log_sample_minyak`
--
ALTER TABLE `log_sample_minyak`
  ADD CONSTRAINT `log_sample_minyak_nik_foreign` FOREIGN KEY (`nik`) REFERENCES `m_user` (`nik`),
  ADD CONSTRAINT `log_sample_minyak_sample_id_foreign` FOREIGN KEY (`sample_id`) REFERENCES `t_sample_minyak` (`id`);

--
-- Constraints for table `m_line`
--
ALTER TABLE `m_line`
  ADD CONSTRAINT `m_line_dept_id_foreign` FOREIGN KEY (`dept_id`) REFERENCES `m_department` (`id`);

--
-- Constraints for table `m_user`
--
ALTER TABLE `m_user`
  ADD CONSTRAINT `m_user_dept_id_foreign` FOREIGN KEY (`dept_id`) REFERENCES `m_department` (`id`),
  ADD CONSTRAINT `m_user_group_id_foreign` FOREIGN KEY (`group_id`) REFERENCES `auth_group` (`id`);

--
-- Constraints for table `t_fc`
--
ALTER TABLE `t_fc`
  ADD CONSTRAINT `t_fc_sample_id_foreign` FOREIGN KEY (`sample_id`) REFERENCES `t_sample_mie` (`id`);

--
-- Constraints for table `t_ffa`
--
ALTER TABLE `t_ffa`
  ADD CONSTRAINT `t_ffa_sample_id_foreign` FOREIGN KEY (`sample_id`) REFERENCES `t_sample_minyak` (`id`);

--
-- Constraints for table `t_ka`
--
ALTER TABLE `t_ka`
  ADD CONSTRAINT `t_ka_sample_id_foreign` FOREIGN KEY (`sample_id`) REFERENCES `t_sample_mie` (`id`);

--
-- Constraints for table `t_pv`
--
ALTER TABLE `t_pv`
  ADD CONSTRAINT `t_pv_sample_id_foreign` FOREIGN KEY (`sample_id`) REFERENCES `t_sample_minyak` (`id`);

--
-- Constraints for table `t_sample_mie`
--
ALTER TABLE `t_sample_mie`
  ADD CONSTRAINT `t_sample_mie_dept_id_foreign` FOREIGN KEY (`dept_id`) REFERENCES `m_department` (`id`),
  ADD CONSTRAINT `t_sample_mie_ibfk_1` FOREIGN KEY (`shift`) REFERENCES `m_shift` (`name`),
  ADD CONSTRAINT `t_sample_mie_ibfk_2` FOREIGN KEY (`line_id`) REFERENCES `m_line` (`id`),
  ADD CONSTRAINT `t_sample_mie_mid_product_foreign` FOREIGN KEY (`mid_product`) REFERENCES `m_variant_product` (`mid`);

--
-- Constraints for table `t_sample_minyak`
--
ALTER TABLE `t_sample_minyak`
  ADD CONSTRAINT `t_sample_minyak_dept_id_foreign` FOREIGN KEY (`dept_id`) REFERENCES `m_department` (`id`),
  ADD CONSTRAINT `t_sample_minyak_ibfk_1` FOREIGN KEY (`shift`) REFERENCES `m_shift` (`name`),
  ADD CONSTRAINT `t_sample_minyak_line_id_foreign` FOREIGN KEY (`line_id`) REFERENCES `m_line` (`id`),
  ADD CONSTRAINT `t_sample_minyak_mid_product_foreign` FOREIGN KEY (`mid_product`) REFERENCES `m_variant_product` (`mid`);

--
-- Constraints for table `t_shift`
--
ALTER TABLE `t_shift`
  ADD CONSTRAINT `t_shift_shift_name_foreign` FOREIGN KEY (`shift_name`) REFERENCES `m_shift` (`name`);
COMMIT;

/*!40101 SET CHARACTER_SET_CLIENT=@OLD_CHARACTER_SET_CLIENT */;
/*!40101 SET CHARACTER_SET_RESULTS=@OLD_CHARACTER_SET_RESULTS */;
/*!40101 SET COLLATION_CONNECTION=@OLD_COLLATION_CONNECTION */;
